id,D
3637248,0.0
294923,0.0
622604,0.0
753685,0.0
3145761,0.0
852007,0.0
32807,0.0
393257,0.0
753706,0.25
491565,0.0
3178543,0.0
65590,0.0
327735,0.0
98361,0.0
74,0.0
753742,0.0
196690,0.0
65620,0.0
327765,0.0
3211361,0.0
3276902,0.0
3506278,0.0
131178,2.625
262255,0.0
393345,0.0
557191,0.0
163977,0.0
819344,0.0
98465,0.0
98467,0.0
950441,0.0
753833,0.0
786613,0.0
655547,0.0
32971,0.0
753868,0.0
164053,0.0
622805,0.25
3145947,0.0
2064609,0.0
884962,0.25
524522,0.0
164093,0.875
491786,0.0
688400,0.25
459027,0.0
491802,0.0
753963,0.5
950571,0.0
2031918,0.0
753985,0.0
328014,0.0
335,0.25
164175,0.0
65882,0.0
1016154,0.0
524634,0.0
164189,0.0
1507678,0.0
196969,0.0
295274,0.0
295276,0.0
754032,5.875
196976,0.0
295285,0.0
98688,0.0
688515,0.0
754055,0.0
33161,2.5
885138,0.0
98707,0.0
197040,0.0
852405,0.0
441,0.0
590265,0.0
590285,0.0
491996,0.0
3178979,0.0
3539434,0.0
360948,0.0
295415,0.0
950777,0.0
360956,0.0
131581,0.0
721409,0.0
98819,0.0
492037,0.0
721416,0.0
328201,0.0
131603,0.0
950805,0.0
3670556,0.0
33316,0.0
131624,0.0
131627,0.0
754219,0.0
885298,0.0
393789,0.0
131650,0.0
426564,0.5
754251,0.0
589,0.0
918111,0.0
328288,0.0
131681,0.0
590441,0.0
295545,0.0
918140,0.0
885375,0.0
98944,0.0
492162,0.625
262794,0.0
885387,0.0
590479,0.25
590483,0.0
3408531,0.0
656021,0.0
623254,0.0
164504,0.0
328352,0.0
688804,0.0
950956,0.0
852656,0.0
66228,0.0
819894,0.0
852665,0.0
33481,0.0
852688,0.0
230105,0.0
230111,0.0
66276,0.0
819946,0.0
852718,0.0
1409777,0.0
164594,0.0
492275,0.0
197364,0.0
131841,0.0
3474187,0.0
819983,0.0
918290,0.0
33560,0.0
394013,0.0
99104,0.0
492331,0.0
33580,0.0
197424,0.0
983872,0.0
885569,0.0
852810,0.0
295756,0.0
164686,0.0
1573712,0.0
557905,0.0
623443,0.0
197460,0.0
66395,0.0
459616,0.0
197475,0.0
230244,0.0
852842,0.0
852855,0.0
66429,0.0
99198,0.0
918400,0.0
33666,0.0
164750,0.0
820115,0.0
230297,0.0
754587,0.0
197532,0.0
623518,0.0
99246,0.0
361393,0.5
492466,0.0
197582,0.0
66514,0.0
787428,0.0
492521,0.0
852970,0.0
3441660,0.0
295933,0.0
132095,0.0
852997,0.0
820232,0.0
66570,0.0
656420,0.0
295976,0.0
918569,0.0
361541,0.0
918600,0.0
1097,0.25
1098,0.0
951374,0.0
951375,0.0
754767,0.0
459860,0.0
394325,0.0
296024,0.0
951384,0.0
1113,0.0
263271,0.0
885875,0.0
492663,0.0
1606776,0.0
99449,0.0
328824,0.0
787579,0.0
197757,0.0
492670,0.0
1163,0.0
165011,0.75
3474579,0.0
656541,0.0
1190,0.0
99508,0.0
754879,0.0
591048,0.0
33995,0.0
165068,0.0
394449,0.0
820434,0.0
165076,0.0
165077,0.0
722133,0.0
689367,0.0
99561,0.0
66800,0.5
787696,0.0
1266,0.0
787702,0.0
328956,0.0
165117,0.0
591104,0.0
558339,0.5
853254,0.0
230667,0.0
1836313,0.0
197921,0.0
1312035,0.0
3278115,0.0
951589,0.0
165162,0.25
787757,0.0
34094,0.25
66869,0.0
755030,0.0
132449,0.0
66915,9.0625
623985,0.0
820596,0.0
34172,0.0
2786685,0.0
230784,0.0
99730,0.0
1433,0.0
99753,0.25
165294,0.0
99770,0.0
230845,0.0
34249,0.0
755152,0.0
296402,0.0
755156,0.0
1498,0.0
2393563,0.0
165345,0.0
132579,0.0
787940,0.0
230886,0.0
165354,0.0
624107,0.0
3180014,0.0
853492,0.0
361973,0.5
1213943,0.0
787960,0.0
2393596,0.0
558596,0.25
3606027,0.0
329232,0.0
722448,0.0
198162,0.0
951825,0.0
296487,0.0
820780,0.0
99888,0.0
230963,0.0
1589,0.0
394806,0.5
624190,0.0
493122,0.0
1611,0.5
34382,0.0
624215,0.0
591459,0.0
231013,0.0
132710,0.0
460390,0.0
1476233,0.0
2754189,0.0
657041,0.0
296601,0.0
624282,0.0
198302,0.0
657062,0.0
263852,0.0
689836,0.0
919239,0.0
1050323,0.0
132849,0.0
919282,0.0
132856,0.0
329468,0.0
263937,0.75
591620,0.0
3376900,0.0
820999,0.0
460553,0.0
493327,0.25
100116,0.0
165652,0.0
198426,0.0
165663,0.0
755494,0.0
755496,0.0
689965,0.0
984877,0.0
34617,0.0
231225,0.0
263995,0.0
755519,0.0
100160,0.75
329542,0.0
132940,0.25
67406,0.5
296802,0.0
493412,0.0
100197,0.0
165736,0.0
558954,0.0
296815,0.0
755570,0.0
624504,0.0
886648,0.0
919418,0.0
788347,0.0
198532,0.25
853926,0.0
231342,0.0
657329,0.0
395187,0.0
165818,0.25
133057,0.25
362437,0.0
165830,0.0
296903,0.0
67528,0.0
67529,0.0
67539,0.0
985047,0.0
165855,0.0
919525,0.0
231397,0.0
67561,0.0
985076,0.0
3115003,0.0
133119,0.0
821252,0.0
788508,0.0
591902,0.0
755745,0.0
985124,0.0
919598,0.0
67631,0.0
919603,0.0
34867,0.0
133177,0.0
1968188,0.0
34880,0.0
690254,0.25
755792,0.0
2130,0.0
34899,0.0
788568,0.25
788569,0.0
788582,0.0
100473,0.0
198783,0.0
166025,0.0
100496,0.0
166033,0.0
329883,0.25
264350,0.0
919717,0.0
34988,0.0
886961,0.0
2394289,0.0
952503,0.0
854203,0.0
2252,0.0
35021,0.0
755918,0.0
231645,0.0
100575,0.0
2273,0.0
264430,0.0
198901,0.25
329978,0.0
35076,0.0
919812,0.0
198922,0.0
690456,0.25
493848,1.0
2330,0.0
592161,0.0
919846,0.0
428329,0.0
133420,0.0
559405,0.0
919853,0.0
100659,0.0
264499,0.0
67900,0.0
3639618,0.0
821571,0.0
3410250,0.0
330061,0.0
821590,0.0
2411,0.0
395633,0.0
919928,0.0
559501,0.0
166291,0.0
133528,0.25
264617,0.0
362922,0.0
821675,0.0
199089,0.0
199090,0.0
3475903,0.0
494016,0.0
887235,0.0
920004,0.0
788937,0.0
952786,0.0
756180,0.0
494038,0.0
952794,0.5
100840,0.0
166383,0.0
100854,0.0
952834,0.0
920073,0.0
35338,0.0
2578,0.0
199194,0.0
690718,0.0
920101,0.0
395819,0.0
625201,0.0
625203,0.0
887348,0.0
920117,0.0
68155,0.0
199229,0.0
789055,0.0
2034242,0.0
756291,0.0
789064,0.0
461391,0.0
133719,0.0
363100,0.0
297569,0.0
920165,0.0
166505,0.0
625278,0.0
35464,0.0
559785,0.0
428717,0.0
527024,0.0
428725,0.0
2750,0.0
133832,1.125
199369,0.25
101072,0.0
592595,0.0
330453,0.0
887513,0.0
297702,0.0
133883,0.0
166658,0.0
35587,0.0
953102,0.0
756518,0.0
363307,0.0
101164,0.0
2867,0.0
559927,0.0
3345212,0.0
363327,0.0
887619,0.0
133957,0.0
854854,0.0
822089,0.0
330575,0.0
133969,0.0
854866,0.0
887638,0.25
789340,0.0
133988,0.0
330601,0.25
166767,0.0
297839,0.0
35697,0.0
297849,0.0
396154,0.0
166785,0.0
461698,0.0
35719,0.0
494474,0.0
330634,0.0
1772438,0.0
723868,0.0
527267,0.0
134051,0.0
297894,0.0
887719,0.0
887718,0.0
461737,0.0
658346,0.5
756656,1.5
2526137,0.0
68551,0.0
494537,0.0
297955,0.0
3056,0.0
855034,0.0
887806,0.0
756740,0.0
789514,0.0
1084430,0.0
756754,0.0
527379,0.0
35864,0.0
232480,0.0
756772,0.0
101415,0.0
592954,0.25
625731,0.0
625736,0.0
625739,0.25
560208,0.0
396372,0.25
3170,0.0
232564,0.0
2690165,0.0
68738,0.0
232598,0.0
494746,0.0
3226,0.0
691371,0.0
68780,0.0
494774,0.0
887990,0.0
855232,0.0
2165952,0.0
101575,0.0
953552,0.0
330967,0.0
789721,0.0
756959,0.0
265440,0.0
593129,0.0
1608941,0.0
199917,0.0
265456,0.0
298225,0.0
789754,0.0
101628,0.0
232701,0.0
36106,0.0
789775,0.0
462110,0.0
68896,0.0
68898,0.0
1379627,0.0
167220,0.0
199995,0.0
855356,0.0
101701,0.0
68934,0.0
757070,0.0
3413,0.0
2592086,0.5
3214680,0.0
3426,0.0
757093,0.0
920939,0.0
855405,0.0
167287,0.0
855423,0.0
167296,0.0
2395521,0.0
396676,0.0
200074,0.5
101776,0.0
167320,0.0
691616,0.0
920994,0.0
101795,0.0
232869,0.0
757157,0.0
921002,2.25
560554,0.0
757177,0.0
921024,0.0
167361,0.0
626115,0.0
69060,0.0
888262,0.0
134600,0.5
986573,0.0
36310,0.0
36312,0.0
167386,0.0
3313123,0.0
167399,0.0
36327,0.0
855531,0.0
822777,0.0
757251,0.0
101895,0.0
3595,0.0
953875,0.0
69153,0.0
3627,0.25
36402,0.25
101946,0.0
331323,0.0
790078,0.0
101953,0.0
855619,0.0
986695,0.0
134729,0.0
888394,0.0
233035,0.0
3669,0.0
757335,0.0
822874,0.0
626268,0.0
167517,0.0
757342,0.0
691807,0.0
855655,0.0
1019495,0.0
134761,0.0
233066,0.0
36468,0.0
724598,0.0
822910,0.25
822913,0.0
200322,0.0
2133637,0.0
626310,0.0
331400,0.0
2854537,0.0
2854547,0.0
102050,0.0
888484,0.0
36521,0.0
2264745,0.0
233136,0.0
3018423,0.0
495288,0.0
36537,0.0
233147,0.0
921289,0.25
790224,0.0
331473,0.0
790227,0.0
921306,0.5
855773,0.0
823012,0.0
855780,0.0
69348,0.0
495338,0.25
724720,0.0
1019633,0.0
397042,0.0
3829,0.0
200448,0.0
233228,0.0
298764,0.0
298766,0.0
921359,0.0
69402,0.0
855836,0.0
626463,0.25
36645,0.0
921384,0.0
2363198,0.0
954189,0.0
266063,0.0
167762,0.0
233300,0.0
528221,0.0
495455,0.0
659299,0.0
397156,0.0
593772,0.0
364399,0.0
135024,0.25
528243,0.0
135032,0.0
823165,0.0
692100,1.0
561037,0.0
135054,0.0
855952,0.0
69520,0.0
266129,0.0
135059,0.0
331666,0.0
3411865,0.0
888730,0.0
69534,0.0
757665,0.0
266151,0.0
266160,0.0
495547,0.0
921542,0.0
2035658,0.0
561105,0.0
921554,0.0
954322,0.0
790496,0.0
790509,0.0
135152,0.5
36849,0.0
921598,0.0
102399,0.25
593930,0.5
266255,0.0
1740826,0.0
692251,0.0
2986022,0.0
3477547,0.0
659517,0.0
36934,0.0
200775,0.0
200777,0.0
790604,0.0
495702,0.0
200791,0.0
626774,0.0
3379291,0.0
135273,0.0
921710,0.0
36975,0.0
888942,0.0
36987,0.0
69761,0.0
790667,0.0
37026,0.0
495784,0.25
69805,0.0
168110,0.0
200882,2.5
725175,0.0
823482,0.0
168126,0.0
594113,0.0
790732,0.0
135378,0.0
135391,0.25
954592,0.0
495861,0.25
626939,0.0
4358,0.0
266503,0.0
200968,0.0
889097,0.0
299277,0.0
790797,0.0
954646,0.75
790814,0.0
921888,0.0
790820,0.25
266534,0.0
790833,0.0
364861,0.0
201022,0.0
168256,0.0
954694,0.0
37197,0.0
627026,0.0
987481,0.0
102750,0.0
69986,0.0
987491,0.0
4451,0.0
4458,0.0
332141,0.0
921965,0.0
135543,0.0
102781,0.0
856451,0.0
594309,0.0
233862,1.0
70027,0.0
299429,0.0
758194,0.0
889276,0.0
758208,0.375
954817,0.0
4553,0.0
790988,0.0
299471,0.0
823762,0.0
3445208,0.0
332257,0.5
496097,1.25
397794,0.0
987621,0.0
987643,0.0
2003453,0.0
528895,0.0
2036252,0.0
299567,0.0
627250,2.9375
561715,0.0
397876,0.0
102964,0.0
397880,0.25
135740,0.0
102985,0.0
463435,0.0
791120,0.0
201297,0.0
954964,0.0
660053,0.0
922200,0.0
2527840,0.0
2855520,0.0
889449,0.0
103033,0.0
955009,0.0
987777,0.0
758402,0.0
627337,0.0
299668,0.0
529050,0.0
266916,0.0
463527,0.0
758444,0.0
758453,0.0
660155,0.0
922301,0.0
398020,0.0
234192,0.0
824022,0.0
594665,0.75
496370,0.0
4852,0.0
758520,0.0
332536,0.0
103162,0.0
299776,0.0
3347207,0.0
791308,0.0
987922,0.0
660244,0.0
496405,0.0
791318,0.0
37658,0.0
922398,0.0
1839912,0.0
463663,0.0
3085111,0.0
2659130,0.0
299840,0.0
758601,1.25
594765,0.0
234325,1.375
4955,0.0
3216219,0.0
332641,0.0
37730,0.5
758630,0.0
496487,0.0
299882,0.0
562030,0.0
201593,0.0
758661,0.0
70534,0.0
234374,0.0
136075,0.0
496525,0.0
3117973,0.0
824219,0.0
103324,0.0
37794,0.0
3380137,0.0
660401,0.0
398259,0.0
791480,0.0
562105,0.0
70586,0.0
791483,0.0
136124,0.0
201667,0.0
201668,0.0
201678,0.0
2593754,0.0
562144,0.0
365542,0.0
37865,0.0
300013,0.0
201716,0.0
300024,0.0
234488,0.0
168958,0.0
300035,0.0
3511314,0.0
103447,0.0
660507,0.0
201760,0.0
168993,0.25
103460,0.0
37931,0.0
70704,0.0
332852,0.0
791609,0.0
70715,0.5
103484,0.0
627787,0.0
922704,0.0
824406,0.0
267354,1.0
1545319,0.0
922728,0.0
857203,0.0
562304,0.0
169088,0.0
758920,0.0
169099,0.0
70800,0.0
267411,0.0
988307,0.0
234647,0.0
955544,0.0
595101,0.0
758943,0.0
2528416,0.0
169124,0.0
267435,0.75
38061,0.0
103600,0.0
791734,0.0
726201,0.0
3052730,0.0
922811,0.0
5307,0.0
2921660,0.0
3052733,0.0
38100,0.0
300245,0.0
758999,0.5
988386,0.25
3413218,0.0
169189,0.0
201958,0.0
169202,0.0
5366,0.0
759031,0.0
365821,0.0
201983,0.0
955647,0.0
169228,0.0
3314964,0.0
824599,0.0
988440,0.0
398615,0.0
169239,0.0
922911,0.0
988448,0.0
202033,0.0
955700,0.0
988471,0.5
5441,0.0
234844,0.0
2495841,0.0
202084,0.0
169317,0.0
202089,0.0
988529,0.0
333175,0.0
5501,0.25
333181,0.0
955773,0.0
38291,0.0
759187,0.0
923033,0.0
38302,0.0
38321,0.0
202162,0.0
923063,0.0
759224,0.0
562615,0.0
136640,0.75
202187,0.0
3020237,0.0
792018,0.0
988627,0.0
464348,0.0
988638,0.0
562663,0.0
497132,0.5
988655,0.0
2823663,0.0
792051,0.0
300534,0.0
71166,0.0
3413511,0.0
2397707,0.0
857621,0.0
955936,0.0
824866,0.0
300578,0.0
3315236,0.0
267814,0.0
300583,0.0
71209,0.0
398892,0.0
824879,0.0
169526,0.25
398909,0.0
824895,0.0
169536,0.25
38466,0.0
923208,0.0
2135629,0.0
366164,0.0
497236,0.0
2397780,0.0
38490,0.0
595559,0.0
202344,0.0
169578,0.0
792175,0.5
300659,0.0
497277,0.0
792190,0.0
2397826,0.0
333447,0.0
333464,0.0
759454,0.0
2365087,0.0
235169,0.25
562850,0.0
136871,0.0
71336,0.0
38579,0.0
956088,0.0
923323,0.0
956093,0.0
890559,0.0
759491,0.0
923332,0.0
825032,0.0
300749,0.0
71373,0.0
104147,0.0
333539,0.0
628467,0.25
923384,0.0
5882,0.0
825087,0.0
1971972,0.0
333573,0.0
104217,0.0
792348,0.0
857887,0.0
923432,0.0
202545,0.0
792370,0.0
595768,0.0
202554,1.3125
890683,0.0
5953,0.0
333634,1.75
169795,0.0
366407,0.0
333643,0.0
825168,0.0
333648,0.0
169818,0.0
628571,0.0
5980,0.0
890724,0.0
3446629,0.0
923497,0.0
956268,0.0
759668,0.0
825208,0.0
825209,0.0
104314,0.0
137084,0.0
169856,0.0
268161,0.0
759694,0.0
399249,0.0
38805,0.0
858006,0.0
726942,0.0
825251,0.0
2660270,0.0
890799,0.0
137137,0.0
792507,0.0
104388,0.0
333766,0.0
628684,0.0
792530,0.0
71636,0.0
169948,0.0
923618,0.0
6143,0.0
399361,0.0
595969,0.0
694273,0.0
104455,0.0
792583,0.0
661524,1.25
661525,0.0
38936,0.0
825387,0.0
694325,0.0
923705,0.0
38977,0.0
399437,0.0
333903,0.0
6232,0.0
366681,0.0
497760,0.0
923745,0.0
104548,0.0
39013,0.0
694411,0.0
891032,0.0
923801,0.0
792733,0.0
596126,0.0
6310,0.0
137390,0.0
6320,0.0
628912,0.0
891063,0.0
137401,0.0
6334,0.0
759998,0.0
563390,0.0
2398414,0.0
137430,0.0
334041,0.0
170211,0.0
170214,0.0
334054,0.0
170228,0.0
628981,0.25
203008,0.0
137474,0.0
956675,0.0
858375,0.0
792839,0.0
104714,2.5
792852,0.0
334101,0.0
137494,0.0
727318,0.0
71970,0.0
956707,0.0
104741,0.0
366889,0.0
399659,0.0
1055021,0.0
530745,0.0
3381566,0.0
989528,0.0
39258,0.0
760154,0.25
301404,0.0
792925,0.0
170330,0.0
989540,0.0
72041,0.0
235881,0.0
137580,0.0
334193,0.25
399733,0.0
792953,0.0
891264,0.0
170369,0.0
334216,0.0
170381,0.0
235923,0.0
760214,0.0
268700,0.0
6563,0.0
334243,0.0
6568,0.0
72109,0.0
39342,0.0
760238,0.0
760240,0.0
793022,0.0
825793,0.0
6613,0.0
170454,0.0
661974,0.0
596451,0.0
39406,0.0
3316228,0.0
72205,0.0
793108,0.0
2136598,0.0
825883,0.0
956973,0.0
301619,0.0
367156,0.0
1055285,0.0
498241,0.0
825924,0.0
760389,0.0
105030,0.0
268871,0.0
924232,0.0
2824778,0.0
367188,0.0
858710,0.0
760417,0.0
563834,0.0
367231,0.0
662149,0.0
793225,0.0
793227,0.0
924306,0.0
465562,0.0
957085,0.0
924318,0.0
858788,0.0
367272,0.0
105129,0.0
137904,0.0
891575,0.5
268990,0.0
170690,0.5
6855,0.0
858827,0.25
6860,0.0
3185359,0.0
662225,0.0
39637,0.0
39656,0.0
695019,0.0
39661,0.0
137980,0.0
236287,0.0
170758,0.0
170770,0.5
334644,0.0
498484,0.0
367417,0.0
170815,1.25
3480388,0.0
203592,0.0
138063,0.0
793425,0.0
760658,0.0
2595668,0.0
3513172,0.0
138071,0.0
924508,0.0
367459,0.0
629609,0.0
957296,0.0
793456,0.0
105329,0.0
269172,0.0
203639,0.0
7031,0.0
170879,0.0
301955,0.0
105354,0.0
662416,0.0
859026,0.0
2825107,0.0
334740,0.0
695189,0.0
203670,0.0
400279,0.0
39828,0.0
2366358,0.0
957340,0.0
203695,0.0
334770,0.0
596922,0.0
1973181,0.0
203711,0.0
302026,0.0
105422,0.0
1416172,0.0
334829,0.0
203764,0.0
203765,0.0
105462,0.0
138235,0.0
826364,0.0
2923522,0.0
498691,0.0
891907,0.0
171015,0.0
891911,0.0
72716,0.0
564239,0.0
662545,0.0
302106,0.0
203804,0.0
138271,0.0
7230,0.0
793664,0.0
269390,0.0
138332,0.0
138335,0.0
597094,0.0
924780,0.0
564333,0.0
662642,0.0
7305,0.0
171150,0.0
760977,0.0
105618,1.0
2759830,0.0
72861,0.0
990366,0.0
990368,0.0
105638,0.0
138407,0.0
990384,0.0
40124,0.0
531653,0.0
171220,0.0
105685,0.0
793821,0.0
761064,0.0
72941,0.0
793845,0.0
597239,0.0
793848,0.0
3415304,0.0
662797,0.0
662800,0.0
498961,0.0
761108,1.25
597269,0.0
761109,0.0
7448,0.0
138520,0.0
40225,0.25
826660,0.0
40230,0.0
72998,0.0
793898,0.25
498987,0.25
793913,0.0
597309,0.0
138560,0.0
597314,0.0
3120458,0.0
400717,0.0
761179,0.0
40294,0.0
859509,0.25
793988,0.0
925066,0.0
1580437,0.0
400815,0.0
859589,0.0
335302,0.0
138699,0.0
368112,0.5
564726,0.0
925181,0.0
761341,0.0
7689,0.75
466442,0.0
3153419,0.0
531986,0.0
7729,0.0
794161,0.0
7731,0.0
40501,0.0
826936,0.0
794173,0.0
1449541,0.0
335431,0.0
138833,1.0
138837,0.0
2825814,0.75
302685,0.0
204386,0.0
171637,0.0
958076,0.0
761478,0.0
695943,0.0
958087,0.0
794257,0.0
269972,1.625
237205,0.25
106145,0.0
958117,0.0
73383,0.0
401066,0.0
892586,0.0
171693,0.0
302765,0.0
302774,0.0
2006721,0.0
794306,0.0
40648,0.0
73421,0.0
171726,0.0
696015,0.0
171728,0.0
663255,0.0
401114,0.0
859868,0.0
73444,0.0
597736,0.0
270060,0.0
368367,0.0
7920,0.0
40695,0.0
925450,0.0
401166,0.0
139026,0.0
794401,0.0
7974,0.0
40743,0.5
794419,0.0
106298,0.0
368451,0.0
466759,0.25
630603,0.0
171854,0.0
794449,0.0
139089,0.0
73553,0.0
925528,0.0
827224,0.0
892771,0.0
892775,0.0
761706,0.0
302955,0.0
171889,0.0
827250,0.0
597875,0.0
663424,0.0
335747,0.0
73605,0.0
401287,0.0
892823,0.0
663455,0.0
270243,0.0
204708,0.0
204714,0.0
73644,0.0
860080,0.0
8125,0.0
1482685,0.0
368578,0.25
925635,0.0
925636,0.0
303050,0.0
139212,0.0
237517,1.5
597965,0.0
73682,0.0
40922,0.0
171994,0.0
499683,0.0
827367,0.0
958444,0.0
532487,0.0
172041,0.0
106514,0.0
499745,0.0
204847,0.0
204850,0.0
8245,0.0
630845,0.0
335937,0.0
499780,0.0
958533,0.0
663645,0.0
630882,0.0
237668,0.0
204901,0.25
2596970,0.0
532610,0.0
172167,0.0
925837,0.0
270491,0.0
925852,0.0
204968,0.0
1777836,0.0
172205,0.0
893111,0.0
73914,0.0
237773,0.0
1908947,0.0
139475,0.0
794846,0.0
73969,0.0
762097,0.0
467203,0.0
565521,0.0
74005,0.0
631071,0.0
631078,0.0
139566,0.0
958768,0.0
172350,0.0
303422,0.0
762177,0.0
41283,0.0
926021,0.0
270667,0.0
3088724,0.0
696668,0.0
8549,0.0
827760,0.0
958839,0.0
2367865,0.0
8570,0.0
205180,0.0
106882,0.0
565634,0.0
926085,0.0
139655,0.0
8591,0.0
860561,0.0
303506,0.0
74134,0.0
926108,0.0
926115,0.0
106916,0.0
795053,0.0
795054,0.0
762288,0.5
270770,0.0
467382,0.0
139709,0.0
3383741,0.0
205254,0.0
893383,0.0
41420,0.0
74195,0.0
827859,0.0
41431,0.0
532957,0.0
139741,0.0
106987,0.0
631275,0.0
467444,0.0
41462,0.0
303626,0.0
3416601,0.0
139804,0.0
926237,0.0
369183,0.0
238115,0.25
303651,0.0
172582,0.0
533042,0.0
172612,0.0
1352264,0.0
500298,0.0
107090,0.0
172642,0.25
926307,0.0
74340,0.75
369270,0.0
8828,0.0
533117,0.0
762496,0.0
664194,0.0
107139,1.25
139908,0.0
762500,0.0
205442,0.0
795271,0.0
795288,0.0
139933,0.0
74397,0.0
238245,0.0
271029,0.0
402117,0.0
795341,0.0
205520,0.0
664272,0.0
74452,0.0
238297,0.0
107227,0.0
926428,0.5
172770,0.0
172772,0.0
2138857,0.0
369389,0.0
631535,0.0
107247,0.0
107249,0.0
3416819,0.0
762618,0.25
795387,0.0
729857,0.0
271113,0.0
893719,0.0
74520,0.0
664346,0.0
631579,0.25
762652,0.0
467749,2.0
762663,0.0
2564904,0.0
2368302,0.0
860985,0.0
664378,0.0
205627,0.0
860996,0.0
2040645,0.0
402249,0.0
926548,0.0
3449693,0.0
238440,0.0
762731,0.0
631667,0.0
566138,0.0
9084,0.0
861057,0.0
500612,0.0
664457,0.0
926604,0.0
467853,0.0
336783,0.0
140176,0.0
41874,1.75
238495,0.0
238506,0.0
41899,0.0
1811373,0.0
402351,0.0
500664,0.0
828349,0.0
762821,0.0
107466,0.0
173007,0.0
631774,0.75
304102,0.0
41976,0.0
533503,0.0
9218,0.0
959490,0.0
992260,0.0
762885,0.5
697350,0.0
2401289,0.0
205838,0.0
74776,0.0
107556,0.0
762921,0.0
664618,0.0
533551,0.0
697391,0.0
861252,0.0
828507,0.0
238686,0.0
74853,0.0
74857,0.0
762990,0.0
337015,0.0
205959,0.0
500889,0.0
566448,0.0
795841,0.0
664770,0.0
74952,0.0
140499,0.0
2991317,0.0
74970,0.0
9437,0.0
337119,0.0
9441,0.0
2532578,0.0
140521,0.0
107753,0.0
664817,0.0
42234,0.0
500992,0.0
795905,0.0
140553,0.0
3319054,0.0
664849,0.0
304401,0.0
9490,0.0
959770,0.0
959775,0.0
369955,0.0
664883,0.0
3188027,0.0
1451327,0.0
828740,0.0
304458,0.0
828756,0.0
206167,0.0
501081,0.0
75100,0.5
828768,0.0
107877,0.0
763237,0.0
2729330,0.0
337271,0.0
238968,0.0
894335,0.0
796045,0.0
140689,0.0
861600,0.0
206241,0.25
75171,0.0
763301,0.25
632233,0.0
107950,0.0
173487,0.0
402872,0.25
763341,0.0
9680,0.0
992751,0.0
861687,0.0
337404,0.5
75264,0.0
894465,3.0
796166,0.25
140816,0.5
75295,0.0
75308,0.0
927278,0.0
9787,0.0
861757,0.0
75329,0.0
894531,0.0
206407,0.0
173647,0.0
992857,0.0
108124,0.0
42589,0.0
829033,0.0
796281,0.0
206465,0.0
75394,0.0
566918,0.0
927373,0.0
370326,0.0
468632,0.0
501407,0.0
763551,0.0
763554,0.0
2336424,0.0
403120,0.0
829122,0.0
829125,0.0
894664,0.0
566984,0.0
206538,0.0
566988,0.0
763601,0.0
108249,0.0
763611,0.0
337631,0.0
599777,0.0
2598627,0.0
108265,0.0
403184,0.0
9970,0.0
108283,0.0
2795282,0.0
763670,0.0
796439,0.5
2139934,0.0
501537,0.0
108340,0.0
206658,1.0
927555,0.0
75591,0.0
206668,0.0
829267,0.0
763747,0.0
894827,1.0625
894831,0.25
567153,0.0
894847,0.0
927627,0.0
75665,0.0
567190,0.0
108446,0.0
927650,0.0
173988,0.0
468911,0.0
174007,0.0
763831,0.0
501692,0.0
337856,0.25
141256,0.0
468938,0.0
894930,0.0
75747,0.25
894956,0.0
42993,0.0
894962,0.0
927736,0.0
403454,0.0
567294,0.0
600069,0.0
108554,0.0
370703,0.0
239638,0.0
993302,0.0
75801,0.0
567325,1.0625
796710,0.0
239655,0.0
174122,0.0
501802,0.0
75825,0.0
927795,0.0
174132,0.0
796734,0.0
796736,0.0
796741,0.25
567374,0.25
895074,0.0
501860,0.0
174198,0.0
206967,0.25
108679,0.0
862343,0.0
632986,0.0
895136,0.0
960674,0.0
600228,0.0
10412,0.0
960690,0.0
272563,0.0
272567,0.0
305335,0.0
600264,0.0
829643,0.0
305363,0.0
239827,0.0
633044,0.0
993494,0.0
665824,0.0
108774,0.0
796914,0.0
239859,0.0
633078,0.0
633079,0.0
633080,0.0
338179,0.0
665860,0.0
567570,0.0
764181,0.0
796950,0.5
207127,0.0
829717,0.0
76057,0.0
108826,0.0
796957,0.0
1714462,0.0
469286,0.0
10538,0.25
239921,0.0
665908,0.0
305468,0.0
600386,0.0
567624,0.0
272713,0.0
403784,0.0
43348,0.0
665944,0.0
239961,0.25
665945,0.0
305501,0.0
633181,0.0
665957,0.0
960874,0.0
338287,0.0
141681,0.0
141683,0.0
600435,0.0
2795896,0.0
2468217,0.0
797056,0.0
305541,0.25
895365,0.0
240009,0.0
502163,0.25
928160,0.0
174506,0.0
43444,0.0
502198,0.0
502199,0.0
207290,0.0
141774,0.0
240081,0.0
895443,0.0
109012,0.0
666073,0.0
567769,0.0
797147,0.0
174557,0.0
633313,0.0
43499,0.0
502269,0.0
43520,0.0
207360,0.0
141838,0.0
469519,0.0
633358,0.0
797205,0.0
862761,0.0
43572,0.0
567862,0.0
371258,0.0
600640,0.0
141893,0.0
830028,0.0
502351,0.0
928351,0.0
502371,0.75
961133,0.25
830063,0.0
240252,0.0
502398,0.0
961152,0.0
666244,0.0
862855,0.0
240267,0.0
600720,0.0
109202,0.0
567959,0.0
174752,0.0
2435745,0.0
338593,0.0
2534053,0.0
404136,0.0
862902,0.0
240311,0.0
43714,0.0
109263,0.0
273105,0.0
961234,0.0
109274,0.25
764636,0.0
142050,0.0
174822,0.0
10982,0.0
797431,0.0
568071,0.0
76561,0.0
11028,0.0
207644,0.0
764702,1.0
797470,0.0
11046,0.0
1518379,0.0
11052,0.0
109367,0.0
731975,0.0
568137,0.0
371530,0.0
142178,0.0
109414,0.0
1583976,0.0
2370408,0.0
109421,0.0
830319,0.0
76658,0.0
1878899,0.25
207735,0.0
240503,0.0
404345,0.0
863102,0.0
142208,0.0
1944458,0.0
3451786,0.0
961427,0.0
830375,0.25
142249,0.0
175025,0.0
338887,0.0
175049,0.0
11210,0.0
404434,0.0
830425,0.0
764890,0.0
797670,0.0
109542,0.0
11242,0.0
404463,0.0
175087,0.5
76788,0.0
502774,0.0
601079,0.0
666623,0.0
502806,0.0
240665,0.25
1453090,0.0
44068,0.0
896041,0.0
568368,0.0
404529,0.0
109628,0.0
3288126,0.0
109637,0.0
830538,0.0
76881,0.0
175196,0.0
109669,0.5
273531,0.0
2960510,0.0
666763,0.0
961688,0.0
109735,0.0
371879,0.0
928942,0.0
175286,0.0
797881,0.5
502978,0.625
208076,0.0
502989,0.0
896216,0.0
109784,0.0
2010336,0.0
240865,0.5
11506,0.0
404734,0.0
44290,0.0
306446,0.0
175379,0.0
240923,0.75
568622,0.0
896309,0.0
142652,0.0
601421,0.0
535892,0.0
2895189,0.0
601430,0.0
11608,0.0
175459,0.0
11620,0.0
241004,0.0
765302,0.0
77175,0.0
667020,0.0
11664,0.0
798113,0.0
175525,0.0
830890,0.0
208303,0.0
142767,0.0
175538,0.0
2043318,0.0
11707,0.0
110011,0.0
175553,0.25
503242,0.0
503247,0.0
77264,0.0
175579,0.0
536035,0.0
11754,0.0
732652,0.0
503279,0.0
503283,0.0
863733,0.0
3190264,0.0
77306,0.0
765435,0.0
994823,0.0
634377,0.0
962064,0.0
208404,0.0
110104,0.25
568861,0.0
863774,0.0
667169,0.0
339490,0.0
798248,0.0
863790,0.75
2993710,1.4375
765494,0.0
536122,0.0
470588,0.0
110161,0.0
896600,0.0
175708,0.0
634463,0.0
601697,0.0
372322,0.0
142963,0.0
798326,0.0
44663,0.0
339577,0.0
405113,0.0
11910,0.0
2043528,0.0
765585,0.0
405142,0.0
765595,0.0
175775,0.25
44703,0.0
306851,0.0
503460,0.0
339624,0.0
11970,0.0
208582,0.0
44751,0.0
536275,0.25
44764,0.0
44776,0.0
569064,0.0
831215,1.0
77560,0.0
536321,0.0
831236,0.0
110341,0.0
77578,0.0
798477,0.0
765722,0.0
569119,0.0
962339,0.0
896817,0.0
503602,0.0
634674,0.0
765773,0.0
798543,0.0
307025,0.0
77662,0.0
12128,0.0
44906,0.0
503668,0.0
1814388,0.0
110454,0.0
175992,0.0
798587,0.0
929659,0.0
2142078,0.0
77698,0.0
208774,0.0
929673,0.0
307083,0.0
798606,0.0
274321,0.0
12180,0.0
831381,0.0
307102,0.0
667556,0.0
77732,0.0
569256,0.0
307135,0.25
667584,0.0
339905,0.0
44994,0.0
798658,0.0
896965,0.0
798662,0.0
44998,0.0
765900,0.0
110541,0.0
864209,0.0
176083,0.0
831448,0.0
241635,0.0
110564,0.0
2732005,0.0
667622,0.0
1028077,0.0
929776,0.0
241650,0.0
405494,0.0
208893,0.0
45057,0.0
864257,0.0
143367,0.25
667657,0.0
897035,0.0
405522,0.0
176148,0.0
667669,0.0
45077,0.0
798751,0.0
765997,0.0
569402,0.0
3158075,0.0
241724,0.0
798792,0.75
274520,0.0
667738,0.0
208997,0.0
503913,0.0
766066,0.0
1781875,0.0
471156,0.25
209019,0.0
766078,0.0
176256,0.75
77952,0.0
143490,0.0
143494,0.5
77963,0.0
766094,0.0
667794,0.0
241813,0.0
536754,0.0
12472,0.0
340152,0.0
897214,0.0
143559,0.0
110791,0.0
110792,0.0
12491,0.0
176332,0.0
274637,0.0
78044,0.0
831708,0.0
405732,0.0
176358,0.5
45287,0.0
176360,0.5
831733,0.0
209142,0.0
372986,0.0
569600,0.0
45313,0.0
307461,0.0
798992,0.5
12570,0.0
3256615,0.0
897322,0.0
569644,0.375
1061166,0.0
12595,0.0
2437431,0.0
3420473,0.0
471355,0.0
45379,0.0
799053,0.5
569685,0.75
110945,0.0
12644,0.0
897382,0.0
799081,0.0
504169,0.0
12654,0.0
78191,0.0
1913210,0.0
799100,0.0
143749,0.0
274822,0.0
340364,0.0
405903,0.0
766354,0.0
766361,0.25
930204,0.0
78242,0.0
45475,0.0
143781,0.0
766385,0.0
504276,0.0
340446,0.0
668127,0.0
2896351,0.0
766444,0.0
45560,0.0
1061368,0.0
12802,0.0
635413,0.0
733717,0.0
635425,0.0
3125793,0.0
242211,0.0
3486253,0.0
340527,0.0
569914,0.0
668222,0.0
766533,0.0
12877,0.0
143951,0.5
1585751,0.0
471645,0.0
766557,0.0
209517,0.0
799348,0.0
1061504,0.0
78467,0.0
1028746,0.0
668302,0.0
3224219,0.0
307875,0.0
2372262,0.0
12972,0.0
45745,0.0
275130,0.0
570046,0.0
78532,0.0
307913,0.0
570061,0.0
176859,0.0
2142940,0.0
799466,0.0
996075,0.0
13038,0.0
897783,0.0
865016,0.0
996096,0.0
406294,0.0
1422105,0.0
996127,0.0
668448,0.0
176936,0.0
242473,0.0
570155,0.0
13101,0.0
308013,0.0
996141,0.0
537414,0.0
242511,0.0
930642,0.0
832341,0.0
373592,0.0
930651,0.0
537444,0.0
209773,0.0
635760,0.0
45941,0.0
275335,0.0
242578,0.0
78741,0.0
799644,0.0
603036,0.0
930722,0.25
177060,0.5
78758,0.0
766893,0.0
275386,0.0
144349,0.0
177117,0.0
504815,0.0
832507,0.0
635930,0.0
799771,0.0
78886,0.0
472102,0.0
46120,0.0
767016,0.0
406575,0.0
406583,0.0
406589,0.0
13377,0.0
13384,0.25
144458,0.0
13387,0.0
13393,0.0
603226,0.0
767068,0.0
504928,0.0
1619044,0.0
46184,0.0
767095,0.0
865403,0.0
406657,0.0
46214,0.0
636044,0.0
898188,0.0
2831504,0.0
341137,0.0
767129,0.0
144538,0.0
1717415,0.0
79016,0.0
242861,0.0
111794,0.0
177336,0.0
79044,0.0
13508,0.0
13511,0.0
931015,0.0
636106,1.8125
406733,0.0
505047,0.0
177372,0.0
210142,0.0
210143,0.0
898275,0.0
1062118,0.0
144629,0.0
668922,0.0
242949,0.0
46345,0.0
931086,0.5
13583,0.0
242966,0.25
898331,2.875
898336,0.0
931105,0.0
275757,0.0
177454,0.5
46381,0.0
111934,0.0
243008,0.0
832833,0.0
243012,0.0
669015,1.0
111963,0.0
46429,0.0
701790,0.0
111969,0.0
800100,0.25
210276,0.0
374126,0.0
406898,0.0
275832,0.25
46460,0.0
669057,0.0
767370,0.0
112017,0.0
308625,0.0
210323,0.625
963992,0.0
931231,0.0
308645,0.0
767404,0.0
341422,0.0
898479,0.0
177588,0.0
13755,0.0
996795,0.0
46527,0.0
603590,0.0
570825,0.0
3323342,0.0
144847,0.0
636382,0.0
603621,1.0
636394,0.0
210425,0.0
308742,0.0
669194,0.0
636433,0.0
308762,0.25
1029659,0.0
79392,0.0
46626,0.0
243238,0.0
112185,0.0
636474,1.375
407101,0.0
767558,0.0
112204,0.0
800332,0.0
210512,0.0
636511,0.0
46699,0.0
276085,0.0
669303,0.0
308871,0.0
46727,0.0
341652,0.0
1390230,0.0
472735,0.0
341672,0.0
800426,0.5
505532,0.5
145086,0.0
177856,0.0
46784,0.0
308932,0.0
46794,0.0
2995915,0.0
243418,0.0
800475,0.0
46814,0.0
145128,0.0
2995948,0.0
800492,0.0
931567,0.0
14073,0.0
767741,0.0
2766592,0.0
407300,0.0
898828,0.0
46861,0.5
243474,0.0
669473,0.0
407331,0.0
177957,0.0
210757,0.0
243527,0.0
669511,0.0
309068,0.0
46925,0.0
112462,0.25
603980,0.0
472925,0.0
178014,0.0
14201,0.0
571258,0.0
898946,0.0
178051,0.0
210830,0.0
112540,0.0
276381,0.0
3061665,0.0
866215,0.0
636841,0.0
604075,0.0
14263,0.0
800695,0.0
47033,0.25
604090,0.0
178122,0.0
178135,0.0
866271,0.0
178143,0.0
342004,0.0
14329,0.0
833539,0.0
768010,0.0
768027,0.0
931869,0.0
47134,0.0
145443,0.25
210991,0.5
538677,0.0
243777,0.25
833610,0.0
309328,0.0
145489,0.0
571472,0.0
79959,0.0
79960,0.25
833631,0.0
243812,0.0
1456229,0.0
276592,0.0
866417,0.0
178301,0.0
899198,0.0
145543,0.25
47246,0.0
276626,0.0
112789,0.0
768149,0.0
211095,0.0
899223,0.0
800926,0.0
178345,0.0
866491,0.0
997568,0.0
178371,0.0
2373828,0.0
211146,0.0
309458,0.0
997588,0.0
538840,0.0
2570457,0.0
637150,0.0
768231,0.0
768241,0.0
833782,0.25
80118,0.0
211197,0.0
1292549,0.0
47401,0.0
14651,0.0
47421,0.0
375101,0.0
768321,0.0
244048,0.0
178536,0.25
244073,0.0
14699,0.0
768367,0.0
178549,0.0
2800003,0.0
14724,0.5
407942,0.0
670088,0.0
14757,0.0
407986,0.0
276917,0.0
113082,0.0
178621,0.0
571845,0.0
768455,0.0
899530,0.0
932299,0.0
866767,0.0
866769,0.0
473554,0.0
80340,0.0
178645,0.0
178654,0.0
211424,0.0
866786,0.25
80358,0.0
14822,0.0
932328,0.0
1784311,0.0
670226,0.0
866841,0.0
211483,0.0
604702,0.0
80428,0.0
2406958,0.0
473652,0.0
80443,0.0
834108,0.0
178750,0.0
670273,0.0
277059,0.0
768585,0.0
309839,0.0
14931,0.0
2701931,0.0
80494,0.0
178799,0.0
14959,0.0
211570,0.0
211578,0.0
506513,0.0
80537,0.0
342691,0.0
146088,0.0
47789,0.0
604852,0.0
244406,0.0
178889,0.0
572106,0.0
572105,0.0
178906,0.0
1194716,0.0
80609,0.0
768737,0.0
1620705,0.0
3455720,0.0
342768,2.625
604924,0.0
2996996,0.0
80649,0.0
2571020,0.0
80657,0.0
801573,0.25
211758,0.0
342833,0.0
473909,0.0
15158,0.0
932665,0.0
244537,0.0
113480,0.0
801615,0.0
80720,0.0
3226468,0.0
277351,0.0
244608,0.0
80780,0.5
179105,0.0
834466,0.5
1391526,0.0
572327,0.0
3161008,0.0
670641,0.0
146354,0.0
408500,0.0
179126,0.0
48061,0.0
3455945,0.0
408531,0.0
15318,0.0
801762,0.0
244711,0.0
867307,0.0
179191,0.0
277496,0.0
932858,0.0
48123,0.0
48126,0.0
179205,0.0
670734,0.0
212006,0.0
474150,0.0
15405,0.0
146478,0.0
113721,0.0
146490,0.0
932922,0.0
736318,0.0
277572,0.0
2571333,0.0
572499,0.0
769109,0.0
572508,0.0
310383,0.25
146544,0.0
834673,0.375
146551,0.0
408696,0.0
81017,0.0
179335,0.0
375945,0.0
48265,0.0
113823,0.0
212129,0.0
572578,0.0
212131,0.0
572579,0.0
343215,0.0
179379,0.25
310455,0.0
81079,0.0
81083,0.25
605375,0.25
2014409,0.0
212200,0.0
2440425,0.0
900349,0.0
802048,0.0
277764,0.0
245019,0.0
81194,1.0
245039,0.25
933172,0.0
572737,0.0
146755,0.0
15694,0.0
81231,0.0
81248,0.0
343396,0.0
540010,0.25
146796,0.0
769388,0.0
474482,0.25
376204,0.5
245133,0.0
343455,0.0
769444,0.0
671156,0.0
179636,0.0
48566,0.0
310724,0.0
48587,0.0
769486,0.0
802264,0.0
277977,0.0
671204,0.0
540139,0.0
48622,0.0
2080238,0.0
15856,0.0
179698,0.5
769523,0.0
81403,0.0
802302,0.0
179714,0.0
245250,0.0
310789,0.0
2702854,0.0
671244,0.0
835085,0.0
179730,0.0
474648,0.0
245292,0.0
179764,0.0
998969,0.0
802382,0.0
769616,0.625
933458,0.0
81493,0.0
376422,0.0
769638,0.0
48757,0.0
310905,0.0
212612,0.25
212614,0.0
147082,0.0
638603,0.0
867978,0.0
867980,0.0
81561,0.0
802464,0.0
507558,0.0
114342,0.0
638632,0.0
48806,0.0
48811,0.0
573100,0.0
48816,0.0
933568,0.0
81619,0.0
671452,0.0
868063,0.0
245489,0.0
933621,0.0
868086,0.0
409337,0.0
868092,0.5
147200,0.0
933633,0.0
16132,0.0
48903,0.0
245513,0.0
48908,0.0
605965,0.0
81683,0.0
245534,0.0
376608,1.25
311074,0.25
147245,0.0
180023,0.0
573241,0.0
16186,0.0
1589051,0.0
212810,0.0
81739,0.0
868174,0.0
769876,0.0
606043,0.0
147294,0.0
2113374,0.0
16227,0.0
147306,0.0
16235,0.0
147316,0.0
343930,0.0
49026,0.0
475010,0.0
81796,0.0
343940,0.0
343954,0.25
1032082,0.0
16281,0.5
376739,0.0
49062,0.0
81832,0.0
2899881,0.0
81836,0.0
933809,0.0
81841,0.0
802745,0.0
81849,0.0
638918,0.0
573391,0.0
868306,0.0
770007,0.0
376793,0.0
573410,0.0
344037,0.0
802791,0.0
16361,0.25
638960,0.0
933883,0.0
245760,0.25
835585,0.0
180228,0.0
933898,0.0
49163,0.0
147468,0.0
1032216,0.0
147481,0.0
49180,0.75
639005,0.0
278559,0.0
2048033,0.0
180263,0.0
933927,0.0
278575,0.75
507955,0.0
16438,0.0
376888,0.0
835648,0.0
16448,0.0
409670,0.0
507975,0.0
540742,0.0
606283,0.0
639053,0.0
639056,0.0
82013,0.25
868456,0.25
278644,0.0
82037,0.0
3227782,0.0
3391646,0.0
213165,0.0
147635,0.0
934069,1.0
147638,0.0
16574,0.0
803009,0.0
540867,0.0
475334,0.0
377035,0.0
671953,0.0
803026,0.0
540883,0.25
344275,0.0
49367,0.0
213212,0.0
49374,0.0
180449,0.25
475362,0.0
377060,0.0
82149,0.0
245992,0.0
2867436,0.0
246022,0.0
1032454,0.0
868616,0.0
672011,0.0
344332,0.0
246032,0.0
868628,0.0
180503,0.0
213273,0.0
180516,0.0
475431,0.0
803115,0.0
835894,0.0
147771,0.0
147785,0.0
803162,0.0
409954,0.0
934243,0.0
999790,0.0
246127,0.0
409968,0.0
16759,0.0
475511,0.0
311674,0.25
311680,0.0
409985,0.0
115079,0.0
1393036,0.0
246169,0.0
934305,0.0
639397,1.0
803242,0.0
573870,0.0
836017,0.0
3391937,0.0
16835,0.0
115140,0.0
541125,0.0
934350,0.0
934367,0.0
508391,0.0
2802154,0.0
1950198,0.0
475650,0.0
213510,0.0
836103,0.0
672269,0.0
2507287,0.0
573978,0.0
508443,0.0
16925,0.0
3064351,0.0
344609,0.0
148004,0.0
16944,0.25
279097,0.0
213561,0.0
770628,0.0
770629,0.25
574033,0.0
574035,0.0
213590,0.0
737886,0.5
2376287,0.0
279141,0.0
574057,0.0
410219,1.25
49774,0.0
17021,0.0
639621,0.0
49797,0.0
803469,0.0
49806,0.0
574102,0.0
82584,0.0
344729,0.0
672411,0.0
17060,0.0
574119,0.0
737969,0.0
803513,0.0
574143,0.0
312004,0.0
803533,0.0
82639,0.0
639697,0.0
246487,0.0
836312,0.0
803544,0.0
836313,0.25
377581,0.0
672498,0.0
2114297,0.0
312062,0.0
148227,0.0
639748,0.0
279308,0.0
279315,0.0
2540309,0.0
836376,0.0
475932,0.0
3359519,0.0
770853,0.0
279337,0.75
836394,0.0
639789,0.0
607028,0.0
82742,0.5
2802487,0.0
312126,0.0
934721,1.25
475980,0.0
607053,0.0
148305,0.0
246611,0.0
115544,0.0
115554,0.0
279395,0.0
246628,0.0
1000302,0.0
50034,0.25
607094,0.0
607105,0.0
148355,0.0
738182,0.0
803720,0.0
82831,0.0
934801,0.0
213921,0.0
803752,0.0
803757,0.0
771010,0.0
607202,0.0
17387,0.0
246768,0.0
869364,0.0
902138,0.0
1393658,0.0
148477,0.5
3523590,0.0
82955,0.0
574483,0.0
115733,0.5
312353,0.0
312354,0.0
377891,0.0
869409,0.0
869417,0.0
607283,0.25
377908,0.0
541760,0.0
672835,0.0
83013,0.0
181321,0.0
50251,0.25
345168,0.0
181329,0.0
476248,0.0
1098849,0.0
246885,0.25
2016362,0.0
1000558,0.0
869487,0.0
476282,0.0
181376,0.0
836737,0.0
574597,0.25
345227,0.0
672910,0.0
312464,0.0
214162,0.0
672918,0.0
83095,0.25
83106,0.0
246960,0.0
378041,0.0
476356,0.0
771269,0.0
935117,0.0
640208,0.0
607448,0.5
247004,0.0
771297,0.5
509156,0.0
83194,0.0
3065088,0.0
476425,0.0
345355,0.0
247065,0.0
509223,0.0
574772,0.0
673082,0.0
1426748,0.5
50493,0.0
771388,0.0
2508103,0.0
869708,0.0
312657,0.0
345426,0.0
345427,0.0
17748,0.0
50520,0.0
673114,0.0
771419,0.0
771438,0.0
214383,0.0
738674,0.0
116087,0.0
476541,0.0
771470,0.0
476558,0.0
50581,0.0
50588,0.0
935330,0.0
509356,0.0
378288,0.5
509367,0.0
673208,0.0
476599,0.0
181694,0.0
804289,0.25
116178,0.0
17877,0.0
181719,0.0
17882,0.0
2999777,0.0
3392996,0.0
476645,0.0
804338,0.0
935413,0.0
17929,0.0
17937,0.0
214546,0.0
607773,0.0
837150,0.0
575012,0.0
738855,0.0
149044,0.0
214580,0.0
181817,0.0
312890,0.0
607804,0.0
214593,0.0
476744,0.0
575051,0.5
804431,0.0
673360,1.0
509524,0.0
1590871,0.0
2377304,0.0
443997,0.0
837215,0.5
83554,0.0
345708,0.0
149102,0.0
804476,0.0
345734,0.5
640675,0.25
804516,0.0
149166,0.0
149173,0.0
837311,0.0
116425,0.0
673486,0.0
804559,0.0
771792,0.0
837328,0.0
18137,0.0
607967,0.0
739041,0.0
444140,0.0
116465,0.0
247545,0.0
771838,0.0
378624,0.0
18176,0.0
1459978,0.0
2639628,0.0
50967,0.0
804635,0.0
313128,0.0
935739,0.0
771905,0.0
477001,1.0
18258,0.0
542549,0.0
673621,0.5
2115414,0.0
411487,0.0
903009,0.0
804706,0.0
837486,0.0
51066,0.5
280445,0.0
608135,0.0
83859,0.0
575379,0.0
247699,0.0
837526,0.0
608166,0.0
477116,0.0
313284,0.0
837592,0.0
673752,0.0
3065843,0.0
215041,0.0
149515,0.0
247824,0.0
215058,0.0
182302,0.0
51230,0.0
51233,0.0
575522,0.0
935990,0.0
1984584,0.0
936009,0.0
18513,0.0
84053,0.0
641111,0.0
182360,0.0
673883,0.0
772191,0.0
411745,0.0
411761,0.0
280692,0.0
673933,0.0
247963,0.0
247966,0.0
936095,0.0
51376,0.0
313521,0.0
411830,0.0
936126,0.0
477377,0.0
575695,0.0
674011,0.0
346336,0.0
84209,0.5
379125,0.0
870646,0.0
116984,0.0
936190,0.0
837886,0.0
542976,0.5
215296,0.0
18691,0.0
117001,0.0
936206,0.0
84258,0.0
837946,0.0
280897,0.0
182598,0.25
117064,0.0
2869578,0.0
543055,0.0
149840,0.0
477523,0.0
805208,0.0
837985,0.0
674150,0.0
805225,0.0
674161,0.0
674163,0.0
280956,0.0
280960,0.0
739713,0.0
18828,0.0
51603,0.0
870809,0.0
84387,0.0
641450,0.25
3426731,0.0
772526,0.25
18862,0.0
903609,0.0
149946,0.0
608701,0.5
543169,0.0
3393991,0.0
2640328,0.0
805332,0.0
149973,0.5
674262,0.0
772567,0.0
674263,0.0
215513,0.0
84446,0.0
805345,0.0
412134,0.0
936425,0.0
674310,0.0
346637,0.0
51736,0.0
674332,0.0
51740,0.0
150048,0.0
18977,0.0
1002017,0.0
1591840,0.0
2312742,0.0
313899,0.0
150062,0.0
838195,0.0
346684,0.0
248392,0.0
576072,0.0
936521,0.0
19029,0.0
641626,0.0
477787,0.0
838241,0.0
477793,0.0
182884,0.0
117356,0.0
772721,0.0
674417,0.0
182900,0.0
805493,0.0
838272,0.0
248452,0.0
739975,0.0
772745,0.0
281225,0.0
838300,0.0
150181,0.0
281254,0.0
641709,0.0
608945,0.0
477875,0.0
346806,0.0
838327,0.0
19133,0.0
314050,0.0
51909,0.0
936658,0.0
412393,0.0
117490,0.0
3361526,0.0
314113,0.0
477954,0.0
838414,0.0
51992,0.0
805661,0.0
674600,0.0
19241,0.0
84777,0.0
314155,0.0
84814,0.0
510805,0.0
52062,0.0
19297,0.25
183139,0.0
674662,0.0
543595,0.0
772976,0.0
838524,0.0
52093,0.0
84886,0.0
1035160,0.0
805785,0.25
838559,0.0
510885,0.0
3099573,0.5
52151,0.0
215997,0.0
674749,0.0
19392,0.0
773063,0.0
641994,0.0
281564,0.0
478173,0.0
248798,0.0
2739175,0.0
510953,0.0
314346,0.0
19435,0.0
936946,1.0
150530,0.0
314372,0.0
347148,0.0
347151,0.5
183311,0.0
478246,0.0
412710,0.0
805930,0.0
937003,0.0
412715,0.0
85038,0.0
511029,0.0
248885,0.0
674873,0.0
511041,0.25
674887,0.0
117844,0.0
248916,0.25
248920,0.0
150629,0.0
2444397,0.0
609396,0.0
2509942,0.0
674937,0.0
543867,0.0
314505,0.0
937098,0.0
2575506,0.0
216212,0.0
52382,0.0
3427505,0.0
937150,0.0
838847,0.0
576718,0.0
314576,0.0
740569,0.0
478426,0.0
838875,0.0
740576,0.0
838884,0.0
216294,0.0
117990,0.0
314600,0.0
19701,0.0
3329291,0.0
773392,0.0
85271,0.0
806168,0.25
511257,0.0
937242,0.0
216348,0.0
19740,0.0
773407,0.0
642354,0.0
609590,0.0
347451,0.25
576839,0.0
380235,0.0
249175,0.0
281953,0.0
380259,0.0
806247,0.0
118128,0.0
19831,0.0
642427,0.0
839037,0.0
1002889,0.0
478603,0.25
183699,0.0
85397,0.0
2641312,0.0
85410,0.0
183715,0.0
118189,0.25
3067310,0.0
19892,0.0
937397,0.0
806336,0.5
85445,0.0
85448,0.0
249303,0.0
740833,0.0
183777,0.0
118243,0.0
642542,1.125
773615,0.0
19953,0.0
2674162,0.0
347639,0.0
52736,0.0
773642,0.0
216586,0.0
1232396,0.0
118289,0.0
675351,0.0
773666,0.0
314923,0.0
183858,0.0
118327,0.0
183867,0.0
20028,0.0
249420,0.0
1003087,0.0
20050,0.0
3460695,0.0
347741,0.0
249444,0.0
642664,0.0
806507,0.25
118384,0.0
806523,0.0
806542,0.0
52900,0.25
675495,0.0
675500,0.0
609966,0.0
249528,0.0
151240,0.0
839369,0.0
806601,0.0
3559122,0.0
577235,0.0
118493,0.0
413405,0.0
315104,0.0
118503,0.0
937703,0.0
184043,0.0
642796,0.5
577261,0.0
380651,0.0
2674420,0.0
151290,0.5
315142,0.0
741127,0.0
839432,0.0
216846,0.0
118544,0.0
85776,0.0
184091,0.0
511773,0.0
380704,0.25
2412330,0.0
85806,0.0
479028,1.0
20278,0.25
741177,0.0
380737,0.0
577358,0.0
413524,0.0
806740,0.0
20319,0.0
741236,0.0
184187,0.0
675710,0.0
151431,0.0
118664,0.0
479113,0.0
118665,0.0
184199,0.0
675728,0.0
184208,0.0
216986,0.0
85915,0.0
806822,0.0
806829,0.0
151469,0.0
479149,0.0
20403,0.0
315336,0.0
184267,0.0
315339,0.0
2478029,0.0
151504,0.0
53204,0.0
806877,0.0
479204,0.0
53221,0.0
413683,0.0
577531,0.0
151549,0.0
741380,0.0
118791,0.0
315403,0.0
118798,0.0
610339,0.0
610346,0.0
446509,0.375
577590,0.0
118853,0.0
806991,0.0
774227,0.0
282709,0.0
184406,0.0
577627,0.75
807026,0.25
151666,0.0
807028,0.0
249973,0.0
479350,0.0
282752,0.0
184451,0.0
675976,0.0
741512,0.0
282766,0.0
741525,0.0
184471,0.0
807068,0.0
413853,0.0
577701,0.0
1233067,0.0
282800,0.0
184502,0.0
577720,0.0
53441,0.0
118979,0.0
544965,0.0
1528006,0.0
807121,0.0
1593570,0.0
86250,0.0
151787,0.0
20729,0.0
217344,0.0
20740,0.0
807181,0.0
119058,0.0
20760,0.0
282912,0.0
1528100,0.0
741671,0.0
86312,0.25
545074,0.0
741692,0.0
479548,0.0
184637,0.0
840000,0.0
414016,0.0
1036613,0.0
119111,0.0
20812,0.0
479582,0.0
938337,0.0
741731,0.0
184677,0.0
53606,0.0
741746,0.0
20862,0.0
807294,0.0
1003907,0.0
283015,0.0
610706,0.0
840102,0.0
151979,0.0
151988,0.0
20919,0.0
2118074,0.0
381371,0.0
774588,0.0
807361,0.0
152002,0.0
152023,0.0
643543,0.0
676313,0.0
643549,0.0
53739,1.0
578028,0.0
184811,0.0
184814,0.0
578031,0.0
20971,0.0
938487,0.0
20984,0.0
807428,0.0
315909,0.0
21008,0.0
21009,0.0
217622,0.0
840215,0.0
479772,0.0
217641,0.0
414251,2.625
610880,0.5
807489,0.0
250435,0.0
414291,0.0
578141,0.0
840289,0.0
643682,0.0
873085,0.0
774791,0.0
938638,0.0
53916,0.0
840348,0.0
152228,0.0
643755,0.0
119469,0.0
185018,0.0
611007,0.0
217792,0.0
283335,0.0
840402,0.0
348884,0.0
86750,0.0
3068662,0.0
152312,0.0
3101434,0.0
774909,0.0
545534,0.0
447241,0.0
283405,0.0
742166,0.0
611102,0.0
611104,0.0
86826,0.0
414506,0.0
774956,0.375
21292,0.0
86828,0.0
938798,0.0
152384,0.0
185155,0.0
774983,0.0
840523,0.0
119629,1.0
21334,0.0
480086,0.0
119651,0.0
119655,0.0
217963,0.0
480108,0.0
316269,0.0
938878,0.0
217994,0.0
86927,0.25
250798,0.0
316340,0.0
807869,0.0
545726,0.0
2577357,0.0
2806733,0.0
676818,0.0
349157,0.0
2085875,0.0
21492,0.0
349180,0.0
840708,0.0
807949,0.5
414745,0.0
939033,0.0
185383,0.25
775212,0.0
808003,0.0
87113,0.0
21578,0.0
775254,0.0
185440,0.0
250976,0.0
840812,0.0
644216,0.0
87179,0.0
251033,0.0
775323,0.0
21670,0.0
414889,0.75
939187,1.0
578744,0.0
316611,0.0
185543,0.0
120010,0.0
480472,0.0
808155,0.0
677089,0.0
3462371,0.0
775406,0.0
21744,0.0
21747,0.0
185591,0.0
120060,0.0
120067,0.0
808198,0.0
185615,0.0
742673,0.0
185617,0.0
808212,0.0
808214,0.0
775446,0.0
3200278,0.0
480549,0.0
185669,0.0
251206,0.0
775494,0.0
251210,0.0
120163,0.0
218473,0.0
3495279,1.25
808304,0.0
677241,0.0
152973,0.0
808336,0.0
546205,0.0
873886,0.0
316834,0.0
775588,0.0
546214,0.0
578999,0.0
808388,0.0
841160,0.0
185810,0.0
579037,0.0
251361,0.0
677352,0.0
251375,0.0
742899,0.25
22020,0.0
415239,0.0
775694,0.0
153103,0.0
611877,0.0
611881,0.0
153129,0.0
87597,0.0
939565,0.0
939567,0.5
251437,0.0
284207,0.0
2577980,0.0
480830,0.0
742980,0.0
251474,0.25
218709,0.0
611929,0.0
2872922,0.0
120411,0.0
185948,0.0
120412,0.0
3659356,0.0
251491,0.0
382565,0.0
22124,0.0
185999,0.0
448144,0.0
87697,0.0
448152,0.0
579234,0.0
317093,0.0
382630,0.0
120487,0.0
808613,0.0
3462822,0.0
775850,0.0
808626,0.0
317108,0.0
480956,0.0
87741,0.0
775877,0.0
54982,0.0
120521,1.0
317129,0.0
251595,0.0
382671,0.0
448207,0.0
251604,0.0
480984,0.0
775904,0.0
3200736,0.0
186096,0.0
22257,0.0
612095,0.0
218885,0.25
186125,0.0
382734,0.0
644880,0.0
513813,0.0
481057,0.0
120615,0.75
710448,0.0
874289,0.0
3462983,0.0
186185,0.0
776011,0.0
22348,0.5
55128,0.0
939871,0.0
22369,0.0
1431398,0.0
218994,0.0
87922,0.0
579458,0.5
284546,0.0
219021,0.25
677781,0.0
776093,0.0
153503,0.0
153519,0.0
546735,0.0
87985,0.0
546738,0.0
153526,0.0
350139,0.0
186312,0.0
251851,0.0
677842,0.0
88035,0.0
317417,0.0
808944,0.0
153590,0.0
55304,0.0
2873356,0.0
251925,0.25
186390,0.0
153630,0.0
22574,0.0
1824831,0.0
219203,0.0
186440,0.0
2742344,0.0
481354,0.0
22602,0.0
383056,0.0
809058,0.0
677991,0.0
317545,0.0
219243,0.0
776301,0.0
546926,0.0
186481,0.0
88180,0.0
120953,0.0
678009,0.0
252026,0.0
317571,0.25
841870,0.0
2939023,0.0
219287,0.0
841881,0.0
3397785,0.0
546976,0.0
186545,0.0
776371,0.0
481461,0.0
219334,0.0
743623,0.0
678098,0.0
776406,0.0
940246,0.0
776408,0.0
841950,0.0
186594,0.0
3102954,0.0
579823,0.0
579839,0.0
284939,0.0
252184,0.0
743709,0.0
219428,0.0
809266,0.0
153915,0.0
1988927,0.0
121157,0.0
153933,0.0
743760,0.0
22875,0.0
219483,0.0
645474,0.25
612716,0.0
186734,0.0
776562,0.0
809334,0.0
350585,0.0
776576,0.25
809357,0.0
22928,0.25
121236,0.0
252315,0.0
317865,0.75
809396,0.25
186805,0.0
678339,0.0
22981,0.0
776659,0.0
580058,0.0
55778,0.0
809446,0.0
121318,0.0
645612,0.0
743929,0.0
514563,0.0
219655,0.0
678408,0.0
88587,0.0
842269,0.0
743966,0.0
743968,0.0
481827,0.0
940583,0.0
186927,0.0
285232,0.0
678459,0.0
252495,0.0
285272,0.0
907868,0.0
252509,0.0
252513,0.0
23147,0.0
1038956,0.0
842351,0.0
121459,0.0
350840,0.0
55939,0.0
318085,0.0
744075,3.5
842379,0.0
23202,0.0
350892,0.0
154297,0.0
580300,0.0
121584,0.0
2775792,0.0
121590,0.5
23290,0.0
678650,0.0
842492,0.0
187162,0.0
940831,0.0
187172,0.0
154417,0.0
777009,0.0
2841398,0.0
2120504,0.0
219966,0.0
645956,0.0
744265,0.0
777054,0.0
383853,0.0
678769,0.0
842611,0.0
23411,0.0
1006451,0.0
220024,0.0
56193,0.0
580485,0.0
383889,0.0
121746,0.0
154530,0.0
154533,0.0
809900,0.0
154544,0.0
121778,0.0
154548,0.25
89018,0.0
89021,0.0
89058,0.0
89071,0.0
3103730,0.0
777210,0.0
351227,0.0
285693,0.0
121863,0.0
809999,0.0
416785,0.5
187413,0.0
482334,0.0
187422,0.0
449578,0.0
842802,0.0
1563731,0.0
515156,0.0
187478,0.5
744548,0.0
646260,0.0
253076,0.0
777366,0.0
220312,0.0
122023,0.0
1006765,0.0
515251,0.0
548020,0.0
122037,0.25
810166,0.0
187581,0.0
1006782,0.0
1039555,0.0
154822,0.0
646353,0.25
253137,0.0
253142,0.0
89305,0.0
89306,0.0
1072350,0.0
1596642,0.0
220403,0.0
777466,0.0
482572,0.0
711954,0.0
744736,0.0
482600,0.0
253232,0.0
679219,0.0
548180,0.0
744796,0.0
843106,0.0
122219,0.0
253296,0.0
482677,0.0
154998,0.0
23925,0.0
122252,0.75
286092,0.0
3366296,0.0
318882,0.0
286115,0.0
23982,0.0
155091,0.0
253397,1.6875
1629657,0.0
253408,0.0
482787,0.0
3661296,0.0
548338,0.5
351733,0.0
318966,0.0
843259,0.0
187907,0.0
744969,0.0
941579,0.0
122381,0.0
515600,0.0
253457,0.0
155170,0.0
515628,0.25
319021,0.0
548397,0.0
24113,0.0
2055729,0.0
515641,0.0
24139,0.0
56913,0.0
24152,0.0
810592,0.0
351842,0.25
2940524,0.0
89710,0.0
745071,0.5
89713,0.0
3268224,0.0
1072783,0.0
384675,1.0
515750,0.0
515790,0.0
253657,0.0
89828,0.0
286439,0.0
24309,0.0
1957634,0.0
24329,0.0
89870,0.0
89873,0.0
220946,0.0
286483,0.0
745241,0.0
188190,0.0
57124,0.0
253734,0.0
188202,0.0
188206,0.0
286518,0.0
57151,0.0
286530,0.0
679749,0.0
417607,0.0
843607,0.0
286561,0.0
745316,0.0
188261,0.0
57188,0.0
745318,0.0
286572,0.0
122738,0.0
319347,0.0
57205,0.0
57209,0.0
122754,0.0
221059,0.0
384920,0.0
90011,0.0
810912,0.0
90018,0.0
352164,0.0
253861,0.0
3661738,0.0
155563,0.0
352171,3.875
122795,0.0
286639,0.0
188342,0.0
57280,0.0
614339,0.0
286662,0.0
253914,0.0
90079,0.0
647156,0.0
810996,0.0
24568,0.0
2285572,0.0
483334,0.0
90124,0.0
188432,0.0
352294,4.0
188467,0.0
614455,0.0
90169,0.0
90174,0.0
680003,0.25
90188,0.0
647246,0.0
581713,0.0
745568,0.0
2744416,0.0
778344,0.0
516202,0.0
745584,0.0
2089077,0.0
778363,0.0
123007,0.0
680065,0.0
254083,0.0
450700,0.0
57488,0.0
745617,0.0
286866,0.0
483473,0.0
57497,0.0
155801,0.0
385180,0.0
811178,0.0
942252,0.0
843995,0.0
450786,0.0
581859,0.0
57577,0.0
483563,0.0
221426,0.0
942335,0.0
483587,0.0
221445,0.0
254215,0.0
844043,0.0
352524,0.0
90389,0.0
188697,0.0
778526,0.0
57636,0.0
352575,0.0
450883,0.0
778568,0.0
319846,0.0
1630569,0.0
24944,0.5
385393,0.0
287092,0.0
811395,0.0
483716,0.0
582024,0.0
188809,0.0
156043,0.0
778655,0.0
778656,0.0
221603,0.0
614823,0.0
188843,3.25
614830,0.0
450991,0.0
680374,0.0
745915,0.0
942529,0.625
319945,0.0
254411,0.0
123345,1.0
319956,0.0
25047,0.0
156122,0.0
221660,0.0
123363,0.0
745964,1.0
57840,0.0
647670,0.0
3006966,0.0
352770,0.0
483848,0.0
614933,0.0
746010,0.0
287259,0.0
680476,0.0
942624,0.0
25142,0.0
57923,0.0
614982,0.0
254535,0.0
680522,0.0
385611,0.0
811598,0.0
746068,0.0
254556,0.0
516706,0.0
811622,0.0
221803,0.0
582253,1.0
451183,0.0
615026,0.0
647796,0.0
287350,0.0
123515,0.0
746128,0.0
221844,0.0
25236,0.0
844440,0.0
778906,0.0
647834,0.0
582313,0.5
778925,0.0
287407,0.25
90803,0.0
746182,0.0
221894,0.25
615119,0.0
778959,0.0
778960,0.0
418519,0.0
451296,0.25
385766,0.0
352999,0.0
1598199,0.0
385797,0.0
582419,0.0
189229,0.0
484145,0.0
25394,0.0
746302,0.0
582463,0.0
516929,0.0
90945,0.0
156484,0.0
451398,0.0
615247,0.0
385879,0.0
418662,0.0
123754,0.0
254827,0.0
287604,0.0
25462,0.5
353145,0.0
811897,0.25
615304,0.0
779146,0.0
746387,0.0
648097,0.0
549797,0.0
746407,0.0
746409,0.0
320426,0.5
648106,0.0
2515882,0.0
418740,0.25
320442,0.5
1041338,0.0
779209,0.0
222153,0.0
517074,0.0
320470,0.0
582629,0.0
746470,0.0
91122,0.0
58360,0.0
58361,0.0
254972,0.0
58372,0.0
812040,0.0
123915,0.0
812046,0.0
58386,0.0
484396,0.8125
615489,0.0
812101,0.0
58438,0.0
255051,0.0
156749,0.0
3236942,0.0
2450537,0.0
3105903,0.0
287860,0.0
3007613,0.0
418955,0.5
222351,0.0
517264,0.25
943268,0.0
418981,0.25
746666,0.0
287917,0.0
91312,0.0
25778,0.0
222387,0.0
58549,0.0
681154,0.0
189641,0.0
189644,0.0
386253,0.0
812239,0.0
681171,0.0
746707,0.0
156886,0.0
648407,0.0
222436,0.0
3237096,0.0
255210,0.0
746731,0.0
189678,0.0
58616,0.0
320761,0.0
484607,0.0
25857,0.0
189701,0.0
156938,0.0
582930,0.0
156950,0.0
419102,0.0
255268,0.0
25899,0.0
91438,0.0
320845,0.0
779599,0.0
124248,0.0
812388,0.0
25965,0.0
288111,0.0
255347,0.0
681340,0.5
419197,0.0
157063,0.0
189831,0.0
222601,0.0
255371,0.0
845196,0.0
255377,0.0
779670,0.0
189848,0.0
288154,0.0
91549,0.0
2811293,0.0
746915,0.0
26023,0.0
812476,0.0
812480,0.0
3171799,0.0
517607,0.0
386560,0.0
615937,0.0
91650,0.0
91651,0.0
484880,0.0
747028,0.0
484890,0.0
222748,0.0
1435165,0.0
943649,0.0
26161,0.0
26164,0.0
58934,0.0
190012,0.0
58947,0.0
190021,0.0
124492,0.25
26193,0.0
255576,0.0
288350,0.0
2385504,0.0
321126,0.0
91763,0.0
845443,0.0
845468,0.0
517796,0.0
812711,0.0
1009342,0.0
747200,0.0
157377,0.0
812741,0.0
91852,0.0
222927,0.0
943827,0.0
255704,0.0
780005,0.0
91879,0.0
747243,0.0
26350,3.0
222959,0.0
255733,0.0
681718,0.0
222974,0.0
26367,0.0
485118,0.0
812802,0.0
485135,0.25
59156,0.5
255770,0.0
190235,0.0
3139368,0.0
321321,0.0
583478,0.0
354105,5.75
845625,0.0
943936,1.0
485191,0.0
812877,0.0
223054,0.0
485204,0.0
845662,0.0
845668,0.0
616296,0.25
354158,0.0
354189,0.0
26510,0.0
255887,0.0
26520,0.0
124825,0.0
59293,0.0
2942900,0.0
747445,0.0
583618,0.0
92107,0.0
845775,0.0
124881,0.0
944084,0.0
223197,0.0
780258,0.25
681956,0.25
944105,0.5
747506,0.0
1599476,0.0
485365,0.0
26637,0.0
387095,0.0
387097,0.0
550940,0.0
813092,0.0
747561,0.0
583723,0.0
288830,0.0
190531,0.0
944206,0.0
845918,0.0
518252,0.0
59503,0.0
3172484,0.0
288904,0.0
92303,0.0
59537,0.0
387219,0.0
485525,0.0
125088,0.0
780451,0.0
583843,0.0
944293,0.0
190632,0.0
518313,0.0
944310,0.0
26825,0.0
551115,0.0
616664,0.0
288985,0.0
649435,0.0
944349,0.0
747757,0.0
747761,0.0
583935,1.0
59655,0.0
846092,6.5
2124046,0.0
583959,0.0
387352,0.0
289058,0.0
223523,0.0
420133,0.0
780581,0.0
977198,0.0
354609,0.0
59699,0.0
485689,0.0
977209,0.0
158018,0.0
354631,0.0
26952,0.5
813392,0.0
780625,0.0
92507,0.0
256349,0.5
59758,0.0
190843,0.0
223627,0.0
453009,0.0
813463,0.0
321944,0.0
289177,0.0
2517403,0.0
485791,0.0
354722,0.0
190888,0.0
59819,0.0
354733,0.0
813485,0.0
453041,0.0
223683,0.0
387530,0.0
747984,0.0
911827,0.0
223701,0.0
27102,0.0
190946,1.25
256482,0.0
322027,0.0
2877943,0.0
2877945,0.0
27136,0.0
944643,0.0
256528,0.0
616979,0.0
125465,0.0
879144,0.0
551465,0.0
59949,0.0
256557,0.0
748088,0.0
944700,0.0
256575,0.0
584257,0.0
125506,0.0
354883,0.0
27221,0.0
59989,0.0
191063,0.0
125528,0.0
191070,0.0
158309,0.0
2517606,0.0
485991,0.0
60012,0.0
223861,0.0
125561,0.0
125569,0.0
387720,0.0
780948,0.0
420504,0.0
780955,0.0
3435164,0.0
486047,0.0
813731,0.0
420539,0.0
748222,0.0
191175,0.0
649950,0.0
486115,0.0
748262,0.0
387815,0.0
322279,0.0
617196,0.75
355052,0.0
92942,1.5
518937,0.0
3271457,0.0
322339,0.0
944933,0.0
781094,0.0
846634,0.0
322365,0.0
256831,0.0
289599,0.0
355142,0.0
158540,0.0
846671,0.0
551762,0.0
813910,0.0
289629,0.0
1960811,0.0
781172,0.0
617336,0.0
813946,0.0
125822,0.0
748421,0.0
125829,0.0
551815,0.0
355208,0.0
60306,0.0
289685,0.0
617370,0.0
486305,1.875
256951,0.0
2681783,0.0
224186,0.0
158656,0.0
551872,0.0
191429,0.0
256974,0.0
814036,1.0
2518003,0.0
125940,0.0
584695,0.0
486395,0.0
158717,0.25
2649123,0.0
224294,0.0
781350,0.0
2059306,0.0
945196,0.0
158765,0.0
683065,0.25
781370,0.0
60476,0.0
617536,0.0
388167,0.0
683085,0.0
322642,0.0
355412,0.0
781399,0.0
224345,0.0
945245,0.0
617568,0.75
126048,0.0
388198,0.0
781423,0.0
257141,0.0
945269,0.0
650362,0.0
355451,0.0
158849,0.0
257160,0.0
93322,0.0
814220,0.0
617613,0.0
158888,0.0
912566,0.0
126144,0.0
191680,0.0
322765,0.0
191699,0.0
126168,0.0
584923,0.0
355555,0.0
748773,0.25
814312,0.0
486645,0.0
290040,0.0
421122,0.0
814340,0.0
60679,0.0
27916,0.0
453908,0.0
290072,0.0
748827,0.0
650525,0.0
355616,0.0
814387,0.0
126287,0.0
257364,0.0
93533,0.0
28002,0.25
748904,0.0
28015,0.0
781680,0.0
3272048,0.0
617844,1.0
486775,0.25
93565,0.0
224638,0.0
93566,0.0
2518402,0.0
585092,0.0
552325,1.0
748933,0.0
1011101,0.0
781732,0.0
978359,0.0
93632,0.0
814530,0.0
421315,0.0
781766,0.5
3337670,0.0
847305,0.0
191947,2.0
519637,0.0
585189,0.0
159214,0.0
191983,0.0
585210,0.0
617980,0.0
28166,0.0
257544,0.0
781837,0.0
814606,0.0
847374,0.0
1273359,0.0
3206669,0.0
1043986,0.0
945687,0.0
585249,0.0
519715,0.0
945711,0.0
3632715,0.0
749132,0.0
159312,0.0
454240,0.0
487012,0.0
781932,0.0
159340,0.0
290414,0.0
3206766,0.0
61041,0.0
1011315,0.0
61044,0.0
749175,0.0
323194,0.0
487038,0.0
552576,0.0
1502854,0.0
683658,0.0
93849,0.0
28316,0.0
224925,0.0
355998,0.0
814751,0.0
290464,0.0
93859,0.0
388773,0.0
749222,0.0
683686,0.0
3370668,0.0
159406,0.0
93872,0.0
159410,0.0
716469,0.0
290502,0.0
159433,0.0
749272,0.0
749273,0.0
683750,0.0
913130,0.0
61172,0.0
618230,0.0
257787,0.0
3239681,0.0
814852,0.0
192260,0.0
126731,0.0
28432,0.0
487186,0.0
683795,0.0
519954,0.0
814871,0.0
749335,0.0
290590,0.0
945951,0.0
61226,0.0
1011504,0.0
814898,0.5
487219,0.0
913210,1.5625
126782,0.0
192338,0.0
782163,0.0
847703,0.0
61273,1.0
520033,0.0
651107,0.0
585574,0.0
487271,0.0
388972,0.0
782191,0.0
847735,0.0
192382,0.0
847756,0.0
126862,0.25
683921,0.0
651156,0.0
3567510,0.0
749476,0.5
159655,0.0
94126,0.0
651187,0.0
126903,0.0
487357,0.0
815039,0.0
749504,0.0
28619,0.0
258000,0.0
159699,0.0
290775,0.0
946137,0.0
782297,0.0
815090,0.0
290812,0.0
94205,0.0
2060288,0.0
94210,0.0
749571,0.0
847880,0.0
94224,1.0
28692,0.0
520215,0.25
290853,0.0
61479,0.0
61480,0.0
782375,0.0
258090,0.0
159791,0.0
323641,0.0
356422,0.0
127063,0.0
389213,0.0
61534,0.0
618589,0.0
847970,0.0
28772,0.75
749671,0.0
225389,0.0
487534,0.25
487535,0.0
815236,0.0
585874,0.0
848034,0.5
749734,0.0
585896,0.0
749743,0.0
487614,0.0
28863,0.0
61637,0.0
684240,0.0
618713,0.0
684253,0.0
291043,0.25
618726,0.0
2814183,0.0
487663,0.0
28918,0.0
3469567,0.0
389378,0.0
782631,0.0
160054,0.0
2289986,0.0
127301,0.0
225607,0.0
192840,0.0
2290007,0.0
61792,0.0
520545,0.0
127337,0.0
3535210,0.0
258430,0.0
127360,0.0
946560,0.0
946563,0.0
520583,0.0
127369,0.625
29067,0.0
749970,0.0
1536402,0.0
225690,0.0
192925,0.0
291235,0.0
782768,0.0
815537,0.0
717234,0.0
94658,0.0
160198,0.0
3043787,0.0
258514,0.0
815575,0.0
61912,0.0
225754,0.0
127451,0.0
61938,0.0
193025,0.0
422405,0.0
258567,0.0
553483,0.0
651796,0.25
1405469,0.0
94764,0.0
62002,0.25
750131,0.25
750146,0.0
684612,0.0
94792,0.0
651848,0.0
586319,0.0
717419,0.0
1340026,0.0
750203,0.0
193160,0.0
225930,0.0
94861,0.0
29334,0.0
225944,0.0
225948,0.25
94890,0.0
160428,0.0
783025,0.0
258741,0.0
29365,0.0
848572,0.0
193216,0.0
357057,0.0
651972,0.0
193231,0.0
127696,0.5
815837,0.0
946940,0.0
422658,0.0
520975,0.0
127766,0.0
193305,0.0
684830,0.0
193320,0.0
193342,0.0
62270,0.0
258882,2.0
553810,0.0
389979,0.0
750456,0.0
684920,0.0
619388,0.0
160638,0.0
258947,0.0
2061191,0.0
848784,0.0
127889,0.0
783250,0.0
652178,0.0
127898,0.0
619423,0.0
29600,0.0
652192,0.0
1176481,0.0
193444,0.0
29604,0.0
29609,0.0
160690,0.0
750519,0.0
488378,0.0
619460,0.0
95176,0.0
488394,0.0
62412,0.0
127949,0.0
652255,0.25
160742,0.0
685031,0.0
422891,0.0
62455,0.0
619536,0.0
848913,0.0
226331,0.0
357406,0.0
422947,0.25
324646,0.0
390185,0.0
586798,0.0
848952,0.0
193594,0.0
226380,0.0
160848,0.0
586843,0.0
29791,0.0
128099,1.375
29808,0.0
226420,0.0
816267,0.0
128141,0.0
128143,0.0
62609,0.0
750742,0.0
259240,0.0
29867,0.0
423095,0.0
29884,0.0
2782403,0.0
3044549,0.0
259270,0.0
324819,0.0
29909,0.0
128231,0.0
914671,0.0
128244,0.0
390390,0.0
324854,0.0
128249,0.25
226556,0.0
816387,0.0
62729,0.25
193802,0.0
128266,0.0
29978,0.0
128290,0.0
1013037,0.0
750895,0.0
390477,0.0
750925,0.0
521564,0.0
849246,0.0
423267,0.0
62823,0.0
1471849,0.0
947563,0.0
1013109,0.0
947576,0.0
750970,0.0
95613,0.0
390532,0.0
816517,0.0
423305,0.0
62860,0.0
161173,0.0
488859,0.0
751019,0.25
193963,0.0
128440,0.0
3306945,0.0
259529,0.0
521674,0.0
194008,0.0
488921,0.0
3077599,0.0
194018,0.0
521704,0.0
259561,0.0
128495,0.0
194036,0.0
194039,0.0
849405,0.0
194063,0.0
620056,0.0
783909,0.0
947752,0.0
30250,0.0
423467,0.0
816701,0.0
161351,0.0
128585,0.5
685647,0.0
390743,0.0
620121,0.0
226908,0.0
620126,0.0
751201,0.0
947816,0.0
521851,0.0
1013375,0.0
784010,0.0
751256,0.0
161436,0.0
358055,0.0
685751,0.25
784056,0.0
194246,0.0
816844,0.0
292559,0.0
259800,0.0
30431,0.0
325357,0.0
489207,0.0
489209,0.0
816890,0.5
784122,0.0
2684665,0.0
816895,0.0
816896,0.25
882431,0.0
816900,0.0
849672,0.0
227088,0.25
2717459,0.0
325401,0.0
554804,0.0
325443,0.0
194380,0.0
325459,0.0
489303,0.5
587608,0.0
391003,0.0
948061,0.0
620386,0.0
489316,0.0
161637,0.0
817000,0.0
128873,0.0
63340,0.0
587631,0.0
948080,0.0
817011,0.0
96142,0.0
423829,0.25
260007,0.0
260038,0.0
30664,0.0
948171,0.0
620495,0.0
554963,1.0
489435,0.0
751592,0.0
391151,0.0
751604,0.25
751613,0.0
751623,0.0
391177,0.0
292876,0.0
161808,0.25
194578,0.0
2455573,0.0
620578,0.0
161830,0.0
489520,0.0
292915,0.0
620603,0.0
325727,0.0
948333,0.0
260206,0.0
260212,0.0
391285,0.0
751738,0.0
96379,0.0
161920,0.0
358528,0.0
358532,0.0
489606,0.0
522377,0.0
194703,0.0
784527,0.5
784535,0.0
227487,0.0
424117,0.0
194743,0.0
522430,0.0
456896,0.0
227527,0.0
489676,0.0
30925,0.0
30928,0.0
1276114,0.0
784597,0.0
620759,0.0
817369,1.0
391398,0.0
129254,0.0
358641,0.25
850161,0.0
3045620,0.0
882950,0.0
686359,0.0
129308,0.0
260384,0.0
751910,0.0
31022,0.0
424244,0.0
96576,0.0
948557,0.0
588112,0.0
31067,0.25
784732,0.0
391519,0.0
424292,0.0
96613,0.0
2128228,0.0
424296,0.25
915816,0.0
424302,0.0
588145,0.0
227697,0.0
489845,0.0
784760,0.0
915835,0.0
227708,0.0
883069,0.0
784766,0.0
948625,0.0
489876,0.0
162197,0.0
129430,0.5
752022,0.0
391586,0.0
358820,0.0
96679,0.0
784811,0.0
784814,0.0
31158,0.0
162233,0.0
96701,0.0
3406269,0.0
227776,0.0
2619843,0.0
326096,0.0
588246,0.0
162265,0.0
162269,0.25
752094,0.0
686560,0.25
96744,0.25
686577,0.0
129547,0.0
489999,0.0
522768,0.5625
293391,0.0
129551,0.0
490004,0.0
752150,0.0
31263,0.5
96804,0.0
31274,0.25
621101,0.0
129591,0.0
621112,0.0
293448,0.0
817754,0.0
31324,0.0
129637,0.0
359016,0.0
326249,0.25
293490,0.0
359026,0.0
883318,0.0
2620029,0.0
64145,0.0
883345,0.0
31380,0.0
64149,0.0
359062,0.0
490141,0.0
3242655,0.0
588450,0.0
195237,0.0
555695,1.0
752303,0.0
96944,0.0
162487,0.0
752314,0.0
96964,0.0
64199,0.0
785101,0.0
96977,0.0
31441,0.0
31442,0.0
359123,0.0
228058,0.0
588508,0.0
129761,0.5
195305,0.0
129775,0.25
228087,0.0
391933,0.0
228099,0.0
850692,0.0
850693,0.0
359179,0.0
129817,0.5
359199,0.0
2063135,0.0
949025,0.0
195368,0.0
97065,0.0
195373,0.0
64303,0.0
686897,0.0
31556,0.0
228180,0.0
621423,0.0
162677,0.0
31606,0.0
31617,0.0
785283,0.6875
588679,0.0
97173,0.0
129945,0.0
359326,0.25
97182,0.0
883619,0.0
228266,0.0
490416,0.0
97200,0.0
97203,0.0
3144637,0.0
31685,0.0
228299,0.0
785357,0.0
31697,0.0
949204,0.0
949211,0.0
457692,0.0
261087,0.0
424928,0.0
228323,0.0
785380,0.0
752613,0.0
162794,0.0
130028,0.0
261106,0.0
130036,0.0
130037,0.0
64509,0.25
162820,0.0
293896,0.0
293897,0.0
949259,0.0
228371,0.0
1211412,0.0
31765,0.0
752673,0.0
97325,0.0
195634,0.0
490549,0.0
490554,0.0
2948162,0.0
130115,1.0
359494,0.5
818254,0.0
457807,0.75
31823,0.0
293969,0.0
588887,0.0
228444,0.0
785500,0.0
97384,0.0
392299,0.0
162930,0.0
97395,0.0
588918,0.0
3308665,0.0
490620,0.0
130173,0.0
162943,0.0
752770,0.0
359555,0.0
752773,0.0
359559,0.0
588943,0.0
425105,0.25
97426,0.0
654490,0.8125
556199,0.0
752812,0.0
359613,0.0
818366,0.5
261309,0.0
294085,0.0
785611,0.0
654543,0.0
556242,0.0
97491,0.0
261332,0.0
31969,0.0
31971,0.0
97509,0.0
294126,0.0
490738,0.0
163059,0.0
97529,0.0
556292,0.0
851205,0.0
2424073,0.0
490763,0.0
490769,0.0
195874,0.0
851240,0.0
32045,0.0
916783,0.0
752945,0.25
64817,0.0
294197,0.0
490805,0.0
64830,0.0
32071,0.0
949579,0.0
130402,0.0
490852,0.0
392553,0.0
228714,0.0
753004,0.0
490860,0.0
785773,0.0
130418,0.0
949619,0.0
97654,0.0
621944,0.0
163198,0.0
687487,0.0
621959,0.0
523661,0.0
163213,0.0
818576,0.0
589209,0.0
785817,0.0
163229,0.0
753056,0.0
818593,0.0
64954,0.0
32193,0.0
818627,0.0
753094,0.0
490952,0.25
687561,0.0
589256,0.0
753098,0.0
753104,0.0
327130,0.0
261623,0.0
130552,0.0
97786,0.0
818702,0.0
65040,0.0
949780,0.0
228889,0.0
884251,0.0
359966,0.0
2784799,0.0
2129441,0.0
32301,0.0
884269,0.0
163386,0.0
949820,0.0
65094,0.0
32333,0.0
753237,0.0
163420,0.0
3210853,0.0
753254,0.0
196200,0.0
163435,0.0
32366,0.0
130686,0.0
130689,0.0
32401,0.0
196248,0.0
32409,0.0
392856,0.0
97949,0.0
196254,0.0
786080,0.0
491174,0.0
32433,0.0
2424501,0.0
851639,0.0
622277,0.0
130764,0.0
786126,0.0
491220,0.0
3145435,0.0
949980,0.0
392925,0.0
884449,0.0
3407597,0.0
163570,0.0
163577,0.0
753422,0.0
524050,0.0
196370,0.0
98081,0.0
229157,0.0
130855,0.0
622379,0.0
786228,0.0
687933,0.0
589630,0.0
786245,0.0
393031,0.0
753507,0.0
720741,0.0
130922,0.0
130932,0.0
65397,0.0
98189,0.25
720786,0.0
753570,0.0
655273,0.0
786360,0.0
753598,0.0
196544,0.0
589767,0.0
884686,0.5
524239,0.0
753617,0.0
131038,0.0
98278,0.0
589802,0.0
3145706,0.0
163835,0.0
