id,lable
245760,245760
143367,143367
532487,532487
593930,593930
294923,294923
315403,315403
161808,161808
94224,94224
661524,661524
251925,251925
28692,28692
520215,520215
38936,38936
49180,49180
567325,567325
788508,788508
145443,145443
352294,352294
239655,239655
796710,796710
753706,753706
610346,610346
446509,446509
210991,210991
278575,278575
34867,34867
327735,327735
133177,133177
1824831,1824831
243777,243777
680003,680003
796741,796741
798792,798792
790604,790604
567374,567374
690254,690254
200791,200791
788568,788568
79960,79960
6232,6232
577627,577627
788569,788569
82013,82013
28772,28772
204901,204901
39013,39013
501860,501860
868456,868456
778344,778344
131178,131178
219243,219243
776301,776301
487534,487534
411761,411761
807026,807026
471156,471156
88180,88180
206967,206967
678009,678009
36987,36987
176256,176256
317571,317571
254083,254083
143494,143494
145543,145543
172167,172167
766094,766094
784527,784527
166033,166033
667794,667794
768149,768149
184471,184471
329883,329883
848034,848034
577701,577701
749734,749734
495784,495784
190632,190632
213165,213165
200882,200882
934069,934069
577720,577720
6334,6334
456896,456896
53441,53441
227527,227527
540883,540883
344275,344275
622805,622805
633044,633044
817369,817369
135391,135391
180449,180449
884962,884962
291043,291043
176358,176358
176360,176360
245992,245992
84209,84209
358641,358641
796914,796914
495861,495861
833782,833782
628981,628981
198901,198901
116984,116984
209142,209142
831733,831733
164093,164093
583935,583935
542976,542976
203008,203008
956675,956675
20740,20740
307461,307461
246022,246022
104714,104714
846092,846092
936206,936206
798992,798992
688400,688400
954646,954646
796950,796950
493848,493848
690456,690456
20760,20760
76057,76057
387352,387352
583959,583959
631071,631071
790820,790820
86312,86312
10538,10538
753963,753963
569644,569644
835894,835894
172350,172350
201022,201022
840000,840000
821571,821571
182598,182598
26952,26952
272713,272713
799053,799053
328014,328014
335,335
543055,543055
813392,813392
569685,569685
239961,239961
760154,760154
31067,31067
256349,256349
645474,645474
69986,69986
424296,424296
178536,178536
504169,504169
754032,754032
24944,24944
334193,334193
399733,399733
311674,311674
205180,205180
776576,776576
170369,170369
891264,891264
14724,14724
305541,305541
233862,233862
274822,274822
33161,33161
127369,127369
188809,188809
405903,405903
22928,22928
749970,749970
502163,502163
129430,129430
133528,133528
766361,766361
289177,289177
639397,639397
317865,317865
641450,641450
188843,188843
59819,59819
151979,151979
772526,772526
762288,762288
809396,809396
276917,276917
903609,903609
608701,608701
793022,793022
758208,758208
942529,942529
541125,541125
590285,590285
299471,299471
123345,123345
473554,473554
74195,74195
149973,149973
952794,952794
127451,127451
580058,580058
162269,162269
686560,686560
496097,496097
190946,190946
866786,866786
332257,332257
211424,211424
96744,96744
936425,936425
53739,53739
745964,745964
184814,184814
578031,578031
743929,743929
258567,258567
469519,469519
522768,522768
651796,651796
797205,797205
211483,211483
680476,680476
690718,690718
31263,31263
238115,238115
31274,31274
414251,414251
956973,956973
16944,16944
62002,62002
750131,750131
627250,627250
397876,397876
885298,885298
397880,397880
610880,610880
426564,426564
770629,770629
172612,172612
248392,248392
789064,789064
143951,143951
213590,213590
133719,133719
858710,858710
578141,578141
737886,737886
131681,131681
172642,172642
502371,502371
74340,74340
252513,252513
326249,326249
410219,410219
582253,582253
961133,961133
830063,830063
842351,842351
293490,293490
359026,359026
615026,615026
369270,369270
350840,350840
533117,533117
492162,492162
107139,107139
193160,193160
262794,262794
744075,744075
590479,590479
225948,225948
582313,582313
555695,555695
287407,287407
271029,271029
891575,891575
162487,162487
852665,852665
185018,185018
752314,752314
848572,848572
193216,193216
170690,170690
221894,221894
133832,133832
199369,199369
178889,178889
858827,858827
127696,127696
639697,639697
31442,31442
836312,836312
836313,836313
109274,109274
926428,926428
649950,649950
451296,451296
129761,129761
174822,174822
297702,297702
39656,39656
594665,594665
385766,385766
617196,617196
129775,129775
342768,342768
4852,4852
197364,197364
121590,121590
762618,762618
391933,391933
35587,35587
283405,283405
92942,92942
76561,76561
170770,170770
129817,129817
664346,664346
631579,631579
805661,805661
764702,764702
3271457,3271457
801573,801573
467749,467749
279337,279337
86826,86826
242473,242473
774956,774956
33580,33580
195373,195373
211758,211758
607028,607028
82742,82742
664378,664378
170815,170815
934721,934721
258882,258882
758601,758601
568137,568137
119629,119629
330575,330575
246611,246611
926548,926548
234325,234325
887638,887638
21334,21334
19297,19297
37730,37730
109414,109414
758630,758630
330601,330601
562030,562030
166767,166767
830319,830319
957296,957296
50034,50034
1878899,1878899
162677,162677
25462,25462
811897,811897
813946,813946
166785,166785
785283,785283
148355,148355
551815,551815
330634,330634
80780,80780
496525,496525
86927,86927
41874,41874
805785,805785
359326,359326
619423,619423
486305,486305
930722,930722
834466,834466
177060,177060
830375,830375
320426,320426
658346,658346
766893,766893
756656,756656
361393,361393
154544,154544
334770,334770
154548,154548
3099573,3099573
418740,418740
320442,320442
89021,89021
31685,31685
494537,494537
127949,127949
785357,785357
814036,814036
631774,631774
652255,652255
261087,261087
787428,787428
11242,11242
19435,19435
314346,314346
334829,334829
175087,175087
504815,504815
936946,936946
869364,869364
502774,502774
584695,584695
300024,300024
58361,58361
148477,148477
158717,158717
64509,64509
762885,762885
807949,807949
347151,347151
416785,416785
115733,115733
74776,74776
240665,240665
660507,660507
168993,168993
422947,422947
185383,185383
484396,484396
842802,842802
607283,607283
848952,848952
683065,683065
592954,592954
70715,70715
7230,7230
511041,511041
130115,130115
359494,359494
13384,13384
1097,1097
87113,87113
625739,625739
50251,50251
144458,144458
830538,830538
457807,457807
560208,560208
76881,76881
396372,396372
248916,248916
187478,187478
117844,117844
296024,296024
476248,476248
267354,267354
588887,588887
767068,767068
617568,617568
185440,185440
128099,128099
109669,109669
246885,246885
388198,388198
310383,310383
834673,834673
857203,857203
232564,232564
273531,273531
836737,836737
574597,574597
418955,418955
517264,517264
425105,425105
105618,105618
165011,165011
341137,341137
83095,83095
767129,767129
654490,654490
418981,418981
414889,414889
267435,267435
179379,179379
939187,939187
122037,122037
175286,175286
578744,578744
797881,797881
81083,81083
29884,29884
359613,359613
818366,818366
605375,605375
191680,191680
502978,502978
13511,13511
636106,636106
785611,785611
189644,189644
646353,646353
191699,191699
253142,253142
758999,758999
607448,607448
9437,9437
756959,756959
771297,771297
240865,240865
988386,988386
748773,748773
775406,775406
66800,66800
664817,664817
390390,390390
128249,128249
101628,101628
165117,165117
558339,558339
816387,816387
62729,62729
36106,36106
931086,931086
185615,185615
761108,761108
242966,242966
806168,806168
898331,898331
240923,240923
40225,40225
165162,165162
498987,498987
81194,81194
793898,793898
34094,34094
245039,245039
177454,177454
752945,752945
275757,275757
988471,988471
347451,347451
1426748,1426748
199995,199995
597309,597309
68934,68934
17748,17748
2592086,2592086
669015,669015
75100,75100
234844,234844
111969,111969
28002,28002
66915,66915
800100,800100
806247,806247
540010,540010
771438,771438
3495279,3495279
474482,474482
617844,617844
859509,859509
486775,486775
275832,275832
681340,681340
5501,5501
95613,95613
839037,839037
390532,390532
552325,552325
793988,793988
200074,200074
478603,478603
376204,376204
122252,122252
796045,796045
210323,210323
167320,167320
206241,206241
85410,85410
769444,769444
763301,763301
546214,546214
781732,781732
99753,99753
921002,921002
751019,751019
118189,118189
378288,378288
402872,402872
128440,128440
13755,13755
136640,136640
175553,175553
806336,806336
804289,804289
93632,93632
781766,781766
753094,753094
134600,134600
490952,490952
191947,191947
138699,138699
9680,9680
253397,253397
175579,175579
603621,603621
230886,230886
855531,855531
497132,497132
642542,642542
159214,159214
368112,368112
988655,988655
179698,179698
548338,548338
742899,742899
361973,361973
337404,337404
894465,894465
245250,245250
558596,558596
796166,796166
7689,7689
17929,17929
941579,941579
781837,781837
140816,140816
198162,198162
531986,531986
110104,110104
308762,308762
69153,69153
585249,585249
824866,824866
243238,243238
296487,296487
71209,71209
30250,30250
3627,3627
515628,515628
87597,87597
2993710,2993710
863790,863790
939567,939567
611881,611881
36402,36402
945711,945711
394806,394806
169526,169526
636474,636474
331323,331323
169536,169536
38466,38466
894531,894531
206407,206407
128585,128585
575051,575051
124492,124492
1611,1611
34382,34382
769616,769616
138833,138833
673360,673360
251474,251474
366164,366164
753237,753237
2825814,2825814
24152,24152
175708,175708
443997,443997
626268,626268
837215,837215
454240,454240
751201,751201
351842,351842
372322,372322
642664,642664
233066,233066
806507,806507
46699,46699
163435,163435
792175,792175
745071,745071
89713,89713
171637,171637
804476,804476
822910,822910
212612,212612
345734,345734
46727,46727
269972,269972
237205,237205
341652,341652
175775,175775
472735,472735
235169,235169
102050,102050
384675,384675
640675,640675
52900,52900
517796,517796
683686,683686
800426,800426
48816,48816
685751,685751
505532,505532
46784,46784
829125,829125
120521,120521
921289,921289
673486,673486
292559,292559
536275,536275
491220,491220
577235,577235
790227,790227
18137,18137
921306,921306
859868,859868
118493,118493
145128,145128
495338,495338
642796,642796
270060,270060
26350,26350
831215,831215
403184,403184
397042,397042
628467,628467
816890,816890
151290,151290
868092,868092
816896,816896
263937,263937
218885,218885
925450,925450
233228,233228
46861,46861
898828,898828
485135,485135
227088,227088
493327,493327
921359,921359
59156,59156
100116,100116
796439,796439
325401,325401
804635,804635
626463,626463
376608,376608
380704,380704
311074,311074
98081,98081
57124,57124
120615,120615
40743,40743
61226,61226
874289,874289
814898,814898
479028,479028
20278,20278
354105,354105
202554,202554
913210,913210
100160,100160
943936,943936
333634,333634
206658,206658
927555,927555
466759,466759
366407,366407
477001,477001
22348,22348
132940,132940
112462,112462
67406,67406
223054,223054
673621,673621
489303,489303
55128,55128
61273,61273
843607,843607
489316,489316
188261,188261
745316,745316
1431398,1431398
616296,616296
894827,894827
593772,593772
894831,894831
135024,135024
175992,175992
825208,825208
51066,51066
579458,579458
692100,692100
198532,198532
81796,81796
219021,219021
98189,98189
126862,126862
798606,798606
343954,343954
423829,423829
38805,38805
677781,677781
384920,384920
16281,16281
892823,892823
776093,776093
825251,825251
749476,749476
260007,260007
655273,655273
204714,204714
352171,352171
122795,122795
806829,806829
266160,266160
47033,47033
165818,165818
792507,792507
307135,307135
337856,337856
133057,133057
368578,368578
815039,815039
313284,313284
165830,165830
303050,303050
237517,237517
884686,884686
864209,864209
554963,554963
290775,290775
837592,837592
171994,171994
223197,223197
780258,780258
75747,75747
681956,681956
241635,241635
944105,944105
16361,16361
1028077,1028077
135152,135152
747506,747506
751604,751604
24568,24568
94205,94205
102399,102399
