keys,values
microwave,1.0
not,0.6261682242990654
but,0.6214953271028038
as,0.411214953271028
s,0.411214953271028
be,0.3644859813084112
if,0.3411214953271028
so,0.32710280373831774
work,0.32242990654205606
use,0.3037383177570093
we,0.29439252336448596
unit,0.2850467289719626
time,0.2850467289719626
door,0.2523364485981308
or,0.2523364485981308
will,0.2523364485981308
when,0.24766355140186916
oven,0.24766355140186916
very,0.24299065420560748
just,0.2336448598130841
are,0.22429906542056074
than,0.21962616822429906
would,0.21495327102803738
well,0.20093457943925233
no,0.19626168224299065
only,0.19626168224299065
good,0.19158878504672897
up,0.19158878504672897
after,0.18691588785046728
there,0.18691588785046728
can,0.1822429906542056
get,0.17757009345794392
from,0.17757009345794392
year,0.17757009345794392
like,0.17289719626168223
me,0.16822429906542055
Also,0.16822429906542055
has,0.16822429906542055
look,0.16822429906542055
does,0.16355140186915887
about,0.16355140186915887
off,0.1588785046728972
button,0.1542056074766355
great,0.1542056074766355
out,0.1542056074766355
which,0.14953271028037382
some,0.14018691588785046
more,0.14018691588785046
all,0.14018691588785046
feature,0.13551401869158877
make,0.13551401869158877
cook,0.13551401869158877
month,0.13551401869158877
model,0.1308411214953271
part,0.1308411214953271
nice,0.1308411214953271
open,0.1308411214953271
food,0.1308411214953271
three,0.1261682242990654
first,0.1261682242990654
second,0.1261682242990654
star,0.12149532710280374
function,0.12149532710280374
really,0.12149532710280374
appliance,0.12149532710280374
bought,0.11682242990654206
they,0.11682242990654206
because,0.11682242990654206
cooking,0.11682242990654206
what,0.11682242990654206
small,0.11682242990654206
fit,0.11682242990654206
other,0.11214953271028037
fine,0.11214953271028037
purchased,0.11214953271028037
heat,0.11214953271028037
thing,0.11214953271028037
now,0.11214953271028037
don,0.11214953271028037
GE,0.10747663551401869
instruction,0.10747663551401869
new,0.102803738317757
size,0.102803738317757
price,0.102803738317757
product,0.102803738317757
Sharp,0.102803738317757
how,0.102803738317757
fan,0.102803738317757
old,0.102803738317757
do,0.102803738317757
last,0.09813084112149532
before,0.09813084112149532
side,0.09813084112149532
need,0.09813084112149532
item,0.09813084112149532
convection,0.09813084112149532
problem,0.09813084112149532
our,0.09813084112149532
seem,0.09345794392523364
used,0.09345794392523364
your,0.09345794392523364
am,0.09345794392523364
same,0.09345794392523364
know,0.09345794392523364
minute,0.09345794392523364
again,0.09345794392523364
over,0.09345794392523364
them,0.08878504672897196
too,0.08878504672897196
back,0.08878504672897196
by,0.08878504672897196
kitchen,0.08878504672897196
light,0.08411214953271028
any,0.08411214953271028
didn,0.08411214953271028
service,0.08411214953271028
take,0.08411214953271028
control,0.08411214953271028
Samsung,0.08411214953271028
still,0.08411214953271028
paint,0.0794392523364486
hard,0.0794392523364486
enough,0.0794392523364486
m,0.0794392523364486
think,0.0794392523364486
little,0.0794392523364486
even,0.0794392523364486
were,0.0794392523364486
while,0.07476635514018691
longer,0.07476635514018691
doesn,0.07476635514018691
much,0.07476635514018691
bit,0.07476635514018691
replace,0.07476635514018691
Amazon,0.07476635514018691
another,0.07476635514018691
top,0.07476635514018691
using,0.07476635514018691
come,0.07476635514018691
screw,0.07476635514018691
way,0.07009345794392523
plate,0.07009345794392523
cheap,0.07009345794392523
ve,0.07009345794392523
installed,0.07009345794392523
lot,0.07009345794392523
working,0.07009345794392523
Whirlpool,0.07009345794392523
never,0.06542056074766354
buy,0.06542056074766354
OK,0.06542056074766354
push,0.06542056074766354
handle,0.06542056074766354
could,0.06542056074766354
review,0.06542056074766354
its,0.06542056074766354
say,0.06542056074766354
day,0.06542056074766354
turntable,0.06542056074766354
steel,0.06542056074766354
range,0.06542056074766354
Slim,0.06542056074766354
Fry,0.06542056074766354
ll,0.06074766355140187
hold,0.06074766355140187
something,0.06074766355140187
close,0.06074766355140187
find,0.06074766355140187
easy,0.06074766355140187
low,0.06074766355140187
noisy,0.06074766355140187
into,0.06074766355140187
better,0.06074766355140187
most,0.06074766355140187
where,0.06074766355140187
under,0.06074766355140187
stainless,0.06074766355140187
frozen,0.06074766355140187
turn,0.06074766355140187
did,0.056074766355140186
However,0.056074766355140186
right,0.056074766355140186
big,0.056074766355140186
needed,0.056074766355140186
replacement,0.056074766355140186
manual,0.056074766355140186
customer,0.056074766355140186
plastic,0.056074766355140186
high,0.056074766355140186
warranty,0.056074766355140186
cabinet,0.056074766355140186
want,0.056074766355140186
why,0.056074766355140186
made,0.0514018691588785
loud,0.0514018691588785
though,0.0514018691588785
these,0.0514018691588785
found,0.0514018691588785
been,0.0514018691588785
until,0.0514018691588785
ago,0.0514018691588785
looking,0.0514018691588785
since,0.0514018691588785
inside,0.0514018691588785
sure,0.0514018691588785
those,0.0514018691588785
panel,0.0514018691588785
power,0.04672897196261682
sound,0.04672897196261682
number,0.04672897196261682
down,0.04672897196261682
pretty,0.04672897196261682
noise,0.04672897196261682
every,0.04672897196261682
replaced,0.04672897196261682
long,0.04672897196261682
cost,0.04672897196261682
previous,0.04672897196261682
installation,0.04672897196261682
got,0.04672897196261682
quality,0.04672897196261682
two,0.04672897196261682
re,0.04672897196261682
should,0.04672897196261682
itself,0.04672897196261682
interior,0.04672897196261682
setting,0.04672897196261682
without,0.04672897196261682
who,0.04672897196261682
let,0.04672897196261682
then,0.04672897196261682
outside,0.04672897196261682
pan,0.04672897196261682
trim,0.04672897196261682
vent,0.04672897196261682
repair,0.04205607476635514
start,0.04205607476635514
add,0.04205607476635514
job,0.04205607476635514
purchase,0.04205607476635514
see,0.04205607476635514
above,0.04205607476635514
wanted,0.04205607476635514
may,0.04205607476635514
micro,0.04205607476635514
d,0.04205607476635514
complaint,0.04205607476635514
speed,0.04205607476635514
won,0.04205607476635514
probably,0.04205607476635514
quite,0.04205607476635514
home,0.04205607476635514
week,0.04205607476635514
started,0.04205607476635514
issue,0.04205607476635514
careful,0.04205607476635514
sometimes,0.04205607476635514
hot,0.04205607476635514
available,0.04205607476635514
expected,0.037383177570093455
always,0.037383177570093455
deal,0.037383177570093455
go,0.037383177570093455
both,0.037383177570093455
damaged,0.037383177570093455
box,0.037383177570093455
larger,0.037383177570093455
already,0.037383177570093455
popcorn,0.037383177570093455
basic,0.037383177570093455
bottom,0.037383177570093455
put,0.037383177570093455
dinner,0.037383177570093455
adequate,0.037383177570093455
LG,0.037383177570093455
counter,0.037383177570093455
heating,0.037383177570093455
everything,0.037383177570093455
within,0.037383177570093455
place,0.037383177570093455
Guide,0.037383177570093455
Owner,0.037383177570093455
house,0.037383177570093455
around,0.037383177570093455
wife,0.03271028037383177
directions,0.03271028037383177
set,0.03271028037383177
order,0.03271028037383177
touch,0.03271028037383177
feet,0.03271028037383177
far,0.03271028037383177
shipping,0.03271028037383177
fixed,0.03271028037383177
thought,0.03271028037383177
came,0.03271028037383177
wattage,0.03271028037383177
pad,0.03271028037383177
heavy,0.03271028037383177
few,0.03271028037383177
wouldn,0.03271028037383177
design,0.03271028037383177
somewhat,0.03271028037383177
less,0.03271028037383177
defrost,0.03271028037383177
smaller,0.03271028037383177
once,0.03271028037383177
different,0.03271028037383177
perfectly,0.03271028037383177
through,0.03271028037383177
worked,0.03271028037383177
love,0.03271028037383177
beep,0.03271028037383177
keep,0.03271028037383177
properly,0.03271028037383177
their,0.03271028037383177
sent,0.03271028037383177
space,0.03271028037383177
hole,0.03271028037383177
actually,0.03271028037383177
tried,0.03271028037383177
getting,0.03271028037383177
level,0.03271028037383177
trying,0.03271028037383177
cool,0.03271028037383177
failed,0.03271028037383177
timer,0.03271028037383177
front,0.03271028037383177
else,0.03271028037383177
stopped,0.03271028037383177
least,0.03271028037383177
point,0.03271028037383177
being,0.03271028037383177
update,0.03271028037383177
ordered,0.03271028037383177
return,0.03271028037383177
annoying,0.03271028037383177
hardware,0.03271028037383177
install,0.03271028037383177
cup,0.03271028037383177
reheating,0.03271028037383177
difficult,0.028037383177570093
rate,0.028037383177570093
either,0.028037383177570093
live,0.028037383177570093
feel,0.028037383177570093
cubic,0.028037383177570093
happy,0.028037383177570093
returned,0.028037383177570093
Perhaps,0.028037383177570093
easily,0.028037383177570093
yet,0.028037383177570093
line,0.028037383177570093
called,0.028037383177570093
reason,0.028037383177570093
haven,0.028037383177570093
etc,0.028037383177570093
several,0.028037383177570093
hope,0.028037383177570093
fast,0.028037383177570093
happened,0.028037383177570093
standard,0.028037383177570093
such,0.028037383177570093
hate,0.028037383177570093
able,0.028037383177570093
ft,0.028037383177570093
worth,0.028037383177570093
clean,0.028037383177570093
try,0.028037383177570093
chef,0.028037383177570093
except,0.028037383177570093
fact,0.028037383177570093
end,0.028037383177570093
perfect,0.028037383177570093
fries,0.028037383177570093
decided,0.028037383177570093
piece,0.028037383177570093
per,0.028037383177570093
straight,0.028037383177570093
Pre,0.028037383177570093
option,0.028037383177570093
sheet,0.028037383177570093
next,0.028037383177570093
having,0.028037383177570093
Con,0.028037383177570093
wall,0.028037383177570093
plus,0.028037383177570093
yr,0.028037383177570093
buying,0.028037383177570093
watt,0.02336448598130841
peeling,0.02336448598130841
tell,0.02336448598130841
went,0.02336448598130841
must,0.02336448598130841
older,0.02336448598130841
wish,0.02336448598130841
nothing,0.02336448598130841
glass,0.02336448598130841
tiny,0.02336448598130841
slow,0.02336448598130841
Overall,0.02336448598130841
required,0.02336448598130841
almost,0.02336448598130841
toaster,0.02336448598130841
going,0.02336448598130841
show,0.02336448598130841
damage,0.02336448598130841
upper,0.02336448598130841
higher,0.02336448598130841
large,0.02336448598130841
evenly,0.02336448598130841
isn,0.02336448598130841
okay,0.02336448598130841
making,0.02336448598130841
extremely,0.02336448598130841
choice,0.02336448598130841
cu,0.02336448598130841
powerful,0.02336448598130841
experience,0.02336448598130841
spend,0.02336448598130841
turned,0.02336448598130841
anything,0.02336448598130841
potatoes,0.02336448598130841
ready,0.02336448598130841
cut,0.02336448598130841
exactly,0.02336448598130841
whole,0.02336448598130841
shut,0.02336448598130841
waiting,0.02336448598130841
area,0.02336448598130841
bad,0.02336448598130841
guess,0.02336448598130841
contacted,0.02336448598130841
told,0.02336448598130841
question,0.02336448598130841
asked,0.02336448598130841
apparently,0.02336448598130841
information,0.02336448598130841
full,0.02336448598130841
head,0.02336448598130841
expensive,0.02336448598130841
wrong,0.02336448598130841
operating,0.02336448598130841
press,0.02336448598130841
store,0.02336448598130841
filter,0.02336448598130841
stick,0.02336448598130841
Pro,0.02336448598130841
half,0.02336448598130841
extension,0.02336448598130841
custom,0.02336448598130841
built,0.02336448598130841
fix,0.02336448598130841
coffee,0.02336448598130841
code,0.02336448598130841
white,0.02336448598130841
idea,0.02336448598130841
mounting,0.02336448598130841
hour,0.02336448598130841
run,0.02336448598130841
bulb,0.02336448598130841
quiet,0.018691588785046728
contact,0.018691588785046728
gave,0.018691588785046728
said,0.018691588785046728
read,0.018691588785046728
latch,0.018691588785046728
ever,0.018691588785046728
listed,0.018691588785046728
burned,0.018691588785046728
maybe,0.018691588785046728
myself,0.018691588785046728
quickly,0.018691588785046728
mode,0.018691588785046728
literally,0.018691588785046728
mother,0.018691588785046728
magnetron,0.018691588785046728
exact,0.018691588785046728
appearance,0.018691588785046728
black,0.018691588785046728
fault,0.018691588785046728
otherwise,0.018691588785046728
knew,0.018691588785046728
wheel,0.018691588785046728
simply,0.018691588785046728
done,0.018691588785046728
limited,0.018691588785046728
short,0.018691588785046728
rather,0.018691588785046728
average,0.018691588785046728
value,0.018691588785046728
countertop,0.018691588785046728
purpose,0.018691588785046728
given,0.018691588785046728
matter,0.018691588785046728
bigger,0.018691588785046728
hit,0.018691588785046728
rotate,0.018691588785046728
instead,0.018691588785046728
running,0.018691588785046728
might,0.018691588785046728
free,0.018691588785046728
charge,0.018691588785046728
include,0.018691588785046728
correct,0.018691588785046728
choose,0.018691588785046728
rice,0.018691588785046728
regular,0.018691588785046728
cold,0.018691588785046728
supposed,0.018691588785046728
cardboard,0.018691588785046728
lack,0.018691588785046728
couple,0.018691588785046728
mine,0.018691588785046728
note,0.018691588785046728
moisture,0.018691588785046728
Yes,0.018691588785046728
give,0.018691588785046728
breaded,0.018691588785046728
conversation,0.018691588785046728
display,0.018691588785046728
consumer,0.018691588785046728
definitely,0.018691588785046728
unplugged,0.018691588785046728
outlet,0.018691588785046728
solid,0.018691588785046728
semi,0.018691588785046728
Hopefully,0.018691588785046728
hoping,0.018691588785046728
extra,0.018691588785046728
recently,0.018691588785046728
bags,0.018691588785046728
four,0.018691588785046728
closing,0.018691588785046728
warm,0.018691588785046728
doing,0.018691588785046728
heated,0.018691588785046728
stove,0.018691588785046728
Here,0.018691588785046728
sleek,0.018691588785046728
corner,0.018691588785046728
roller,0.018691588785046728
tech,0.018691588785046728
Anyway,0.018691588785046728
similar,0.018691588785046728
call,0.018691588785046728
require,0.018691588785046728
vented,0.018691588785046728
falling,0.018691588785046728
template,0.018691588785046728
u,0.018691588785046728
wood,0.018691588785046728
insisted,0.014018691588785047
opening,0.014018691588785047
difference,0.014018691588785047
due,0.014018691588785047
attempt,0.014018691588785047
ordering,0.014018691588785047
money,0.014018691588785047
count,0.014018691588785047
worse,0.014018691588785047
enter,0.014018691588785047
starting,0.014018691588785047
compared,0.014018691588785047
original,0.014018691588785047
description,0.014018691588785047
person,0.014018691588785047
package,0.014018691588785047
Received,0.014018691588785047
dent,0.014018691588785047
returning,0.014018691588785047
type,0.014018691588785047
past,0.014018691588785047
housing,0.014018691588785047
figure,0.014018691588785047
intuitive,0.014018691588785047
bubbling,0.014018691588785047
often,0.014018691588785047
lower,0.014018691588785047
lasted,0.014018691588785047
repaired,0.014018691588785047
broke,0.014018691588785047
impossible,0.014018691588785047
kernels,0.014018691588785047
currently,0.014018691588785047
replacing,0.014018691588785047
key,0.014018691588785047
tray,0.014018691588785047
appears,0.014018691588785047
functional,0.014018691588785047
placed,0.014018691588785047
electronic,0.014018691588785047
refrigerator,0.014018691588785047
Obviously,0.014018691588785047
honestly,0.014018691588785047
aware,0.014018691588785047
continue,0.014018691588785047
whatever,0.014018691588785047
compact,0.014018691588785047
Wow,0.014018691588785047
wide,0.014018691588785047
drilled,0.014018691588785047
simple,0.014018691588785047
aren,0.014018691588785047
general,0.014018691588785047
device,0.014018691588785047
cover,0.014018691588785047
possible,0.014018691588785047
weight,0.014018691588785047
defrosted,0.014018691588785047
bread,0.014018691588785047
excellent,0.014018691588785047
dishes,0.014018691588785047
later,0.014018691588785047
wait,0.014018691588785047
serve,0.014018691588785047
serious,0.014018691588785047
television,0.014018691588785047
success,0.014018691588785047
failure,0.014018691588785047
ask,0.014018691588785047
clue,0.014018691588785047
knowing,0.014018691588785047
extensive,0.014018691588785047
kept,0.014018691588785047
accurate,0.014018691588785047
allow,0.014018691588785047
reading,0.014018691588785047
away,0.014018691588785047
hand,0.014018691588785047
combo,0.014018691588785047
liked,0.014018691588785047
steam,0.014018691588785047
answered,0.014018691588785047
additional,0.014018691588785047
Fried,0.014018691588785047
Okra,0.014018691588785047
internal,0.014018691588785047
stated,0.014018691588785047
x,0.014018691588785047
flat,0.014018691588785047
surface,0.014018691588785047
nor,0.014018691588785047
online,0.014018691588785047
style,0.014018691588785047
understand,0.014018691588785047
Christmas,0.014018691588785047
left,0.014018691588785047
slightly,0.014018691588785047
paid,0.014018691588785047
malfunction,0.014018691588785047
shame,0.014018691588785047
disposable,0.014018691588785047
response,0.014018691588785047
tape,0.014018691588785047
kit,0.014018691588785047
inches,0.014018691588785047
April,0.014018691588785047
operation,0.014018691588785047
capabilities,0.014018691588785047
Assurant,0.014018691588785047
technician,0.014018691588785047
decent,0.014018691588785047
stuck,0.014018691588785047
spot,0.014018691588785047
reliability,0.014018691588785047
Unfortunately,0.014018691588785047
tho,0.014018691588785047
goes,0.014018691588785047
drawer,0.014018691588785047
water,0.014018691588785047
leftovers,0.014018691588785047
plan,0.014018691588785047
shipped,0.014018691588785047
dented,0.014018691588785047
paying,0.014018691588785047
ruin,0.014018691588785047
extended,0.014018691588785047
cooked,0.014018691588785047
expect,0.014018691588785047
real,0.014018691588785047
disappointing,0.014018691588785047
cannot,0.014018691588785047
complaining,0.014018691588785047
edge,0.014018691588785047
pizza,0.014018691588785047
packaging,0.014018691588785047
version,0.014018691588785047
reported,0.014018691588785047
deep,0.014018691588785047
Cafe,0.014018691588785047
took,0.014018691588785047
preset,0.014018691588785047
fall,0.014018691588785047
Exhaust,0.014018691588785047
died,0.014018691588785047
best,0.014018691588785047
grill,0.014018691588785047
temp,0.014018691588785047
program,0.014018691588785047
state,0.014018691588785047
pay,0.014018691588785047
labor,0.014018691588785047
credit,0.009345794392523364
worry,0.009345794392523364
Danby,0.009345794392523364
lighter,0.009345794392523364
convenient,0.009345794392523364
owned,0.009345794392523364
giving,0.009345794392523364
page,0.009345794392523364
thinking,0.009345794392523364
special,0.009345794392523364
bill,0.009345794392523364
dig,0.009345794392523364
super,0.009345794392523364
solved,0.009345794392523364
shouldn,0.009345794392523364
reheat,0.009345794392523364
select,0.009345794392523364
manually,0.009345794392523364
considering,0.009345794392523364
fuse,0.009345794392523364
Hence,0.009345794392523364
claimed,0.009345794392523364
toast,0.009345794392523364
awful,0.009345794392523364
confusing,0.009345794392523364
researching,0.009345794392523364
indeed,0.009345794392523364
amount,0.009345794392523364
torn,0.009345794392523364
clear,0.009345794392523364
horribly,0.009345794392523364
explode,0.009345794392523364
Arrived,0.009345794392523364
timely,0.009345794392523364
fashion,0.009345794392523364
l,0.009345794392523364
Eventually,0.009345794392523364
weak,0.009345794392523364
seemed,0.009345794392523364
pain,0.009345794392523364
performance,0.009345794392523364
thru,0.009345794392523364
realize,0.009345794392523364
gotten,0.009345794392523364
Meh,0.009345794392523364
Fair,0.009345794392523364
flimsy,0.009345794392523364
keypad,0.009345794392523364
irritating,0.009345794392523364
mostly,0.009345794392523364
anywhere,0.009345794392523364
maker,0.009345794392523364
disappointment,0.009345794392523364
speak,0.009345794392523364
qualities,0.009345794392523364
gift,0.009345794392523364
defective,0.009345794392523364
locally,0.009345794392523364
objects,0.009345794392523364
Carousel,0.009345794392523364
inverter,0.009345794392523364
everyday,0.009345794392523364
feeling,0.009345794392523364
priced,0.009345794392523364
measurements,0.009345794392523364
round,0.009345794392523364
Cute,0.009345794392523364
affordable,0.009345794392523364
durable,0.009345794392523364
weaker,0.009345794392523364
intended,0.009345794392523364
Oster,0.009345794392523364
OGB8902,0.009345794392523364
B0,0.009345794392523364
functioning,0.009345794392523364
moment,0.009345794392523364
moved,0.009345794392523364
permanently,0.009345794392523364
send,0.009345794392523364
concerned,0.009345794392523364
care,0.009345794392523364
agree,0.009345794392523364
reviewers,0.009345794392523364
case,0.009345794392523364
hidden,0.009345794392523364
shipment,0.009345794392523364
Spacious,0.009345794392523364
capacity,0.009345794392523364
liquid,0.009345794392523364
accommodate,0.009345794392523364
grilling,0.009345794392523364
machine,0.009345794392523364
powered,0.009345794392523364
cheaper,0.009345794392523364
directly,0.009345794392523364
Wal,0.009345794392523364
mart,0.009345794392523364
Satisfactory,0.009345794392523364
noisier,0.009345794392523364
vapors,0.009345794392523364
accumulate,0.009345794392523364
odor,0.009345794392523364
multi,0.009345794392523364
baking,0.009345794392523364
broiling,0.009345794392523364
keeping,0.009345794392523364
handy,0.009345794392523364
delicious,0.009345794392523364
self,0.009345794392523364
stir,0.009345794392523364
bowl,0.009345794392523364
pushed,0.009345794392523364
ended,0.009345794392523364
defrosting,0.009345794392523364
warming,0.009345794392523364
following,0.009345794392523364
notice,0.009345794392523364
main,0.009345794392523364
essentially,0.009345794392523364
waited,0.009345794392523364
dish,0.009345794392523364
prep,0.009345794392523364
step,0.009345794392523364
degrees,0.009345794392523364
rack,0.009345794392523364
sit,0.009345794392523364
position,0.009345794392523364
determines,0.009345794392523364
celebrity,0.009345794392523364
competing,0.009345794392523364
answer,0.009345794392523364
handicap,0.009345794392523364
suppose,0.009345794392523364
conditions,0.009345794392523364
along,0.009345794392523364
develop,0.009345794392523364
chart,0.009345794392523364
quirky,0.009345794392523364
implements,0.009345794392523364
lowest,0.009345794392523364
color,0.009345794392523364
occasionally,0.009345794392523364
sitting,0.009345794392523364
leg,0.009345794392523364
frustrating,0.009345794392523364
booklet,0.009345794392523364
mos,0.009345794392523364
results,0.009345794392523364
vary,0.009345794392523364
factory,0.009345794392523364
thoroughly,0.009345794392523364
suggest,0.009345794392523364
dry,0.009345794392523364
each,0.009345794392523364
upset,0.009345794392523364
MC11H6033,0.009345794392523364
support,0.009345794392523364
rep,0.009345794392523364
book,0.009345794392523364
Neither,0.009345794392523364
figuring,0.009345794392523364
database,0.009345794392523364
example,0.009345794392523364
cookware,0.009345794392523364
bakeware,0.009345794392523364
elsewhere,0.009345794392523364
usable,0.009345794392523364
dimensions,0.009345794392523364
market,0.009345794392523364
cookies,0.009345794392523364
Choosing,0.009345794392523364
Proper,0.009345794392523364
pg,0.009345794392523364
checked,0.009345794392523364
she,0.009345794392523364
abruptly,0.009345794392523364
drop,0.009345794392523364
company,0.009345794392523364
equipment,0.009345794392523364
someone,0.009345794392523364
test,0.009345794392523364
logic,0.009345794392523364
lost,0.009345794392523364
figured,0.009345794392523364
sale,0.009345794392523364
broiler,0.009345794392523364
gone,0.009345794392523364
tripped,0.009345794392523364
breaker,0.009345794392523364
plug,0.009345794392523364
correctly,0.009345794392523364
unplugging,0.009345794392523364
plugging,0.009345794392523364
plugged,0.009345794392523364
conk,0.009345794392523364
completely,0.009345794392523364
tight,0.009345794392523364
stung,0.009345794392523364
fatal,0.009345794392523364
opted,0.009345794392523364
melt,0.009345794392523364
cycle,0.009345794392523364
carry,0.009345794392523364
today,0.009345794392523364
construction,0.009345794392523364
upgraded,0.009345794392523364
approximately,0.009345794392523364
rated,0.009345794392523364
planet,0.009345794392523364
tested,0.009345794392523364
regarding,0.009345794392523364
washer,0.009345794392523364
delivered,0.009345794392523364
delivery,0.009345794392523364
load,0.009345794392523364
during,0.009345794392523364
ham,0.009345794392523364
build,0.009345794392523364
normal,0.009345794392523364
Please,0.009345794392523364
inconvenience,0.009345794392523364
refurbished,0.009345794392523364
gap,0.009345794392523364
builder,0.009345794392523364
business,0.009345794392523364
offered,0.009345794392523364
contract,0.009345794392523364
provided,0.009345794392523364
offer,0.009345794392523364
retain,0.009345794392523364
dim,0.009345794392523364
zero,0.009345794392523364
feedback,0.009345794392523364
rid,0.009345794392523364
tips,0.009345794392523364
consider,0.009345794392523364
Venting,0.009345794392523364
immediately,0.009345794392523364
closed,0.009345794392523364
reopen,0.009345794392523364
willing,0.009345794392523364
Luckily,0.009345794392523364
clock,0.009345794392523364
stay,0.009345794392523364
CAVITY,0.009345794392523364
smart,0.009345794392523364
error,0.009345794392523364
portability,0.009345794392523364
random,0.009345794392523364
fairly,0.009345794392523364
Looked,0.009345794392523364
pot,0.009345794392523364
soup,0.009345794392523364
burner,0.009345794392523364
below,0.009345794392523364
easier,0.009345794392523364
many,0.009345794392523364
pop,0.009345794392523364
miss,0.009345794392523364
ones,0.009345794392523364
printed,0.009345794392523364
casserole,0.009345794392523364
six,0.009345794392523364
fell,0.009345794392523364
constructed,0.009345794392523364
family,0.009345794392523364
ice,0.009345794392523364
cream,0.009345794392523364
bolt,0.009345794392523364
cracked,0.009345794392523364
RATING,0.009345794392523364
course,0.009345794392523364
portion,0.009345794392523364
center,0.009345794392523364
purchasing,0.009345794392523364
although,0.009345794392523364
strong,0.009345794392523364
shape,0.009345794392523364
sparking,0.009345794392523364
UPDATED,0.009345794392523364
Pleased,0.009345794392523364
refund,0.009345794392523364
label,0.009345794392523364
between,0.009345794392523364
fitting,0.009345794392523364
complete,0.009345794392523364
rest,0.009345794392523364
website,0.009345794392523364
strip,0.009345794392523364
help,0.009345794392523364
trip,0.009345794392523364
son,0.009345794392523364
stuff,0.009345794392523364
charcoal,0.009345794392523364
recirculate,0.009345794392523364
rear,0.009345794392523364
remove,0.009345794392523364
shelf,0.009345794392523364
hang,0.009345794392523364
onto,0.009345794392523364
matching,0.009345794392523364
electrical,0.009345794392523364
research,0.009345794392523364
quieter,0.009345794392523364
screen,0.009345794392523364
user,0.009345794392523364
list,0.009345794392523364
behind,0.009345794392523364
own,0.009345794392523364
Oh,0.009345794392523364
web,0.009345794392523364
requiring,0.009345794392523364
anchor,0.009345794392523364
drill,0.009345794392523364
stud,0.009345794392523364
ability,0.009345794392523364
peeled,0.009345794392523364
match,0.009345794392523364
anymore,0.009345794392523364
poor,0.009345794392523364
carefully,0.009345794392523364
near,0.009345794392523364
double,0.009345794392523364
5yr,0.009345794392523364
bake,0.009345794392523364
term,0.009345794392523364
meat,0.009345794392523364
bright,0.009345794392523364
Spartan,0.009345794392523364
soon,0.009345794392523364
former,0.009345794392523364
changing,0.009345794392523364
maint,0.009345794392523364
hr,0.009345794392523364
hood,0.009345794392523364
handling,0.009345794392523364
comment,0.009345794392523364
operate,0.009345794392523364
hi,0.009345794392523364
alittle,0.004672897196261682
cuft,0.004672897196261682
move,0.004672897196261682
IDIOT,0.004672897196261682
message,0.004672897196261682
likely,0.004672897196261682
receiving,0.004672897196261682
R,0.004672897196261682
410LW,0.004672897196261682
OEM,0.004672897196261682
guessing,0.004672897196261682
RMOTDA252WRZZ,0.004672897196261682
motor,0.004672897196261682
RMOTDA264WRZZ,0.004672897196261682
RPM,0.004672897196261682
60Hz,0.004672897196261682
V,0.004672897196261682
2W,0.004672897196261682
losing,0.004672897196261682
Stupid,0.004672897196261682
removable,0.004672897196261682
rotator,0.004672897196261682
thingy,0.004672897196261682
brings,0.004672897196261682
themselves,0.004672897196261682
seals,0.004672897196261682
combination,0.004672897196261682
apply,0.004672897196261682
opposite,0.004672897196261682
pressure,0.004672897196261682
rubber,0.004672897196261682
terrible,0.004672897196261682
Elegant,0.004672897196261682
NYC,0.004672897196261682
apartment,0.004672897196261682
Third,0.004672897196261682
coming,0.004672897196261682
shaking,0.004672897196261682
somewhere,0.004672897196261682
hamster,0.004672897196261682
outward,0.004672897196261682
her,0.004672897196261682
fun,0.004672897196261682
exorbitant,0.004672897196261682
delicate,0.004672897196261682
handed,0.004672897196261682
chewing,0.004672897196261682
Especially,0.004672897196261682
spent,0.004672897196261682
sturdier,0.004672897196261682
mechanism,0.004672897196261682
aging,0.004672897196261682
various,0.004672897196261682
sizable,0.004672897196261682
exterior,0.004672897196261682
huge,0.004672897196261682
merchandise,0.004672897196261682
source,0.004672897196261682
louder,0.004672897196261682
including,0.004672897196261682
associated,0.004672897196261682
ease,0.004672897196261682
adjustment,0.004672897196261682
entering,0.004672897196261682
digitally,0.004672897196261682
petty,0.004672897196261682
technology,0.004672897196261682
advances,0.004672897196261682
taking,0.004672897196261682
backward,0.004672897196261682
decipher,0.004672897196261682
ear,0.004672897196261682
piercing,0.004672897196261682
coating,0.004672897196261682
obtuse,0.004672897196261682
lacking,0.004672897196261682
selection,0.004672897196261682
begins,0.004672897196261682
lbs,0.004672897196261682
single,0.004672897196261682
household,0.004672897196261682
pork,0.004672897196261682
chops,0.004672897196261682
vegetables,0.004672897196261682
split,0.004672897196261682
freeze,0.004672897196261682
useful,0.004672897196261682
reduced,0.004672897196261682
restrictions,0.004672897196261682
dissatisfied,0.004672897196261682
follow,0.004672897196261682
Mainly,0.004672897196261682
monet,0.004672897196261682
bargain,0.004672897196261682
recipient,0.004672897196261682
informed,0.004672897196261682
chose,0.004672897196261682
PO,0.004672897196261682
Needless,0.004672897196261682
discourages,0.004672897196261682
defroster,0.004672897196261682
unpopped,0.004672897196261682
closure,0.004672897196261682
designed,0.004672897196261682
modern,0.004672897196261682
slam,0.004672897196261682
numbered,0.004672897196261682
cube,0.004672897196261682
finishes,0.004672897196261682
constantly,0.004672897196261682
beeping,0.004672897196261682
forever,0.004672897196261682
advertised,0.004672897196261682
footprint,0.004672897196261682
examined,0.004672897196261682
wehich,0.004672897196261682
cancelled,0.004672897196261682
affecting,0.004672897196261682
Holding,0.004672897196261682
visited,0.004672897196261682
strange,0.004672897196261682
intensified,0.004672897196261682
respond,0.004672897196261682
cheapest,0.004672897196261682
tabletop,0.004672897196261682
telling,0.004672897196261682
Depot,0.004672897196261682
fire,0.004672897196261682
watching,0.004672897196261682
lastly,0.004672897196261682
chipping,0.004672897196261682
scotched,0.004672897196261682
unless,0.004672897196261682
rare,0.004672897196261682
Shrunk,0.004672897196261682
surprised,0.004672897196261682
meal,0.004672897196261682
snack,0.004672897196261682
reality,0.004672897196261682
claim,0.004672897196261682
indentations,0.004672897196261682
laid,0.004672897196261682
poured,0.004672897196261682
honesty,0.004672897196261682
advertising,0.004672897196261682
write,0.004672897196261682
duped,0.004672897196261682
quicky,0.004672897196261682
usual,0.004672897196261682
mechanically,0.004672897196261682
instance,0.004672897196261682
negatives,0.004672897196261682
8X,0.004672897196261682
account,0.004672897196261682
retention,0.004672897196261682
medium,0.004672897196261682
skills,0.004672897196261682
notches,0.004672897196261682
leery,0.004672897196261682
blend,0.004672897196261682
mediocre,0.004672897196261682
paces,0.004672897196261682
interface,0.004672897196261682
extrapolate,0.004672897196261682
foodstuff,0.004672897196261682
method,0.004672897196261682
messy,0.004672897196261682
touched,0.004672897196261682
twenty,0.004672897196261682
explanatory,0.004672897196261682
accomplish,0.004672897196261682
calculates,0.004672897196261682
tedious,0.004672897196261682
Japanese,0.004672897196261682
sticky,0.004672897196261682
usually,0.004672897196261682
mushy,0.004672897196261682
inedible,0.004672897196261682
knobs,0.004672897196261682
according,0.004672897196261682
grain,0.004672897196261682
neglected,0.004672897196261682
word,0.004672897196261682
amazing,0.004672897196261682
continued,0.004672897196261682
impress,0.004672897196261682
popping,0.004672897196261682
berries,0.004672897196261682
perfection,0.004672897196261682
actual,0.004672897196261682
predetermined,0.004672897196261682
indicates,0.004672897196261682
length,0.004672897196261682
egregious,0.004672897196261682
oil,0.004672897196261682
fryers,0.004672897196261682
prepped,0.004672897196261682
preheat,0.004672897196261682
dedicated,0.004672897196261682
accomplishing,0.004672897196261682
Eight,0.004672897196261682
preheating,0.004672897196261682
chase,0.004672897196261682
crisper,0.004672897196261682
sister,0.004672897196261682
selected,0.004672897196261682
quantity,0.004672897196261682
promptly,0.004672897196261682
displayed,0.004672897196261682
drive,0.004672897196261682
McDonald,0.004672897196261682
parking,0.004672897196261682
eat,0.004672897196261682
admittedly,0.004672897196261682
crispy,0.004672897196261682
dessert,0.004672897196261682
constraints,0.004672897196261682
task,0.004672897196261682
e,0.004672897196261682
described,0.004672897196261682
forgo,0.004672897196261682
bells,0.004672897196261682
whistles,0.004672897196261682
met,0.004672897196261682
odd,0.004672897196261682
rumbling,0.004672897196261682
shorter,0.004672897196261682
attempted,0.004672897196261682
adjust,0.004672897196261682
tucked,0.004672897196261682
folded,0.004672897196261682
pushing,0.004672897196261682
trading,0.004672897196261682
Cuisinart,0.004672897196261682
CMW,0.004672897196261682
detailed,0.004672897196261682
happens,0.004672897196261682
depending,0.004672897196261682
upon,0.004672897196261682
wore,0.004672897196261682
path,0.004672897196261682
table,0.004672897196261682
scraping,0.004672897196261682
loose,0.004672897196261682
rust,0.004672897196261682
ventilated,0.004672897196261682
humidity,0.004672897196261682
outdoors,0.004672897196261682
smells,0.004672897196261682
bringing,0.004672897196261682
indoors,0.004672897196261682
installing,0.004672897196261682
worn,0.004672897196261682
painting,0.004672897196261682
repainting,0.004672897196261682
someplace,0.004672897196261682
wear,0.004672897196261682
PREVENTION,0.004672897196261682
ADVICE,0.004672897196261682
generate,0.004672897196261682
drained,0.004672897196261682
caused,0.004672897196261682
rusting,0.004672897196261682
Misses,0.004672897196261682
w,0.004672897196261682
chat,0.004672897196261682
basically,0.004672897196261682
dared,0.004672897196261682
located,0.004672897196261682
recipe,0.004672897196261682
1000s,0.004672897196261682
entry,0.004672897196261682
app,0.004672897196261682
formula,0.004672897196261682
persists,0.004672897196261682
throughout,0.004672897196261682
asking,0.004672897196261682
He,0.004672897196261682
replied,0.004672897196261682
gathered,0.004672897196261682
access,0.004672897196261682
info,0.004672897196261682
publicly,0.004672897196261682
cheese,0.004672897196261682
world,0.004672897196261682
equal,0.004672897196261682
Prawns,0.004672897196261682
shrimp,0.004672897196261682
known,0.004672897196261682
specifically,0.004672897196261682
quarter,0.004672897196261682
determined,0.004672897196261682
capable,0.004672897196261682
expressed,0.004672897196261682
interest,0.004672897196261682
noted,0.004672897196261682
covered,0.004672897196261682
initially,0.004672897196261682
girl,0.004672897196261682
hung,0.004672897196261682
referred,0.004672897196261682
brought,0.004672897196261682
absence,0.004672897196261682
attention,0.004672897196261682
chatting,0.004672897196261682
blue,0.004672897196261682
lighting,0.004672897196261682
providing,0.004672897196261682
reveals,0.004672897196261682
people,0.004672897196261682
developers,0.004672897196261682
designers,0.004672897196261682
engineers,0.004672897196261682
putting,0.004672897196261682
complex,0.004672897196261682
hefty,0.004672897196261682
retail,0.004672897196261682
tag,0.004672897196261682
potential,0.004672897196261682
hadn,0.004672897196261682
commercially,0.004672897196261682
oversized,0.004672897196261682
sudden,0.004672897196261682
visible,0.004672897196261682
pulled,0.004672897196261682
proceeded,0.004672897196261682
troubleshooting,0.004672897196261682
section,0.004672897196261682
recommended,0.004672897196261682
five,0.004672897196261682
headache,0.004672897196261682
dub,0.004672897196261682
unreliable,0.004672897196261682
regret,0.004672897196261682
chance,0.004672897196261682
french,0.004672897196261682
solution,0.004672897196261682
underpowered,0.004672897196261682
hoped,0.004672897196261682
digital,0.004672897196261682
system,0.004672897196261682
mixed,0.004672897196261682
blessing,0.004672897196261682
cumbersome,0.004672897196261682
butter,0.004672897196261682
Nope,0.004672897196261682
activate,0.004672897196261682
irritation,0.004672897196261682
Track,0.004672897196261682
record,0.004672897196261682
prior,0.004672897196261682
act,0.004672897196261682
barely,0.004672897196261682
nowadays,0.004672897196261682
useless,0.004672897196261682
suction,0.004672897196261682
dime,0.004672897196261682
mismatched,0.004672897196261682
noticeable,0.004672897196261682
knocking,0.004672897196261682
guys,0.004672897196261682
blamed,0.004672897196261682
drum,0.004672897196261682
ridiculous,0.004672897196261682
balance,0.004672897196261682
spin,0.004672897196261682
compartments,0.004672897196261682
shake,0.004672897196261682
pk,0.004672897196261682
beer,0.004672897196261682
followed,0.004672897196261682
based,0.004672897196261682
temperature,0.004672897196261682
dishwasher,0.004672897196261682
silverware,0.004672897196261682
basket,0.004672897196261682
utensils,0.004672897196261682
wake,0.004672897196261682
Bosch,0.004672897196261682
onMiele,0.004672897196261682
VIDEOID,0.004672897196261682
moBYPRU8YOTEBW,0.004672897196261682
listen,0.004672897196261682
video,0.004672897196261682
welcome,0.004672897196261682
owning,0.004672897196261682
mutes,0.004672897196261682
Minor,0.004672897196261682
thermal,0.004672897196261682
cutoff,0.004672897196261682
sensor,0.004672897196261682
letting,0.004672897196261682
seller,0.004672897196261682
overpriced,0.004672897196261682
desperate,0.004672897196261682
exposing,0.004672897196261682
wrapped,0.004672897196261682
tacky,0.004672897196261682
manufacturing,0.004672897196261682
date,0.004672897196261682
August,0.004672897196261682
began,0.004672897196261682
backed,0.004672897196261682
Protection,0.004672897196261682
Inc,0.004672897196261682
July,0.004672897196261682
ceased,0.004672897196261682
department,0.004672897196261682
connected,0.004672897196261682
local,0.004672897196261682
advised,0.004672897196261682
serviceable,0.004672897196261682
outlined,0.004672897196261682
ownership,0.004672897196261682
cabinetry,0.004672897196261682
repeat,0.004672897196261682
necessary,0.004672897196261682
experiment,0.004672897196261682
tactile,0.004672897196261682
felt,0.004672897196261682
adhesive,0.004672897196261682
frequently,0.004672897196261682
helped,0.004672897196261682
catch,0.004672897196261682
keyboard,0.004672897196261682
remount,0.004672897196261682
reject,0.004672897196261682
Tippy,0.004672897196261682
kitchenh,0.004672897196261682
shelve,0.004672897196261682
forward,0.004672897196261682
suspect,0.004672897196261682
solely,0.004672897196261682
dimensional,0.004672897196261682
compatibility,0.004672897196261682
respects,0.004672897196261682
quietly,0.004672897196261682
boasts,0.004672897196261682
generally,0.004672897196261682
perform,0.004672897196261682
component,0.004672897196261682
premature,0.004672897196261682
aberration,0.004672897196261682
setup,0.004672897196261682
unbelievably,0.004672897196261682
genius,0.004672897196261682
floppy,0.004672897196261682
paper,0.004672897196261682
overhead,0.004672897196261682
marks,0.004672897196261682
glued,0.004672897196261682
stiff,0.004672897196261682
perforations,0.004672897196261682
marking,0.004672897196261682
Author,0.004672897196261682
expert,0.004672897196261682
convey,0.004672897196261682
ceramic,0.004672897196261682
tiles,0.004672897196261682
carbide,0.004672897196261682
clumsy,0.004672897196261682
highest,0.004672897196261682
agent,0.004672897196261682
trick,0.004672897196261682
timing,0.004672897196261682
biscuit,0.004672897196261682
beautifully,0.004672897196261682
el,0.004672897196261682
cheapo,0.004672897196261682
boil,0.004672897196261682
unevenly,0.004672897196261682
ahead,0.004672897196261682
packaged,0.004672897196261682
exposed,0.004672897196261682
warped,0.004672897196261682
cant,0.004672897196261682
optional,0.004672897196261682
expense,0.004672897196261682
lit,0.004672897196261682
spill,0.004672897196261682
98QBP03,0.004672897196261682
scraped,0.004672897196261682
cleaned,0.004672897196261682
peel,0.004672897196261682
anoying,0.004672897196261682
annoyed,0.004672897196261682
continuous,0.004672897196261682
Gutless,0.004672897196261682
hurry,0.004672897196261682
panasonic,0.004672897196261682
Thats,0.004672897196261682
basement,0.004672897196261682
quicker,0.004672897196261682
continuously,0.004672897196261682
reminded,0.004672897196261682
nobody,0.004672897196261682
unplug,0.004672897196261682
period,0.004672897196261682
happening,0.004672897196261682
hasn,0.004672897196261682
elevate,0.004672897196261682
voice,0.004672897196261682
foolish,0.004672897196261682
SMH9187W,0.004672897196261682
Sears,0.004672897196261682
warning,0.004672897196261682
steaming,0.004672897196261682
homemade,0.004672897196261682
ruined,0.004672897196261682
Se5,0.004672897196261682
internet,0.004672897196261682
Indicated,0.004672897196261682
beat,0.004672897196261682
practically,0.004672897196261682
punch,0.004672897196261682
toggle,0.004672897196261682
switch,0.004672897196261682
form,0.004672897196261682
factor,0.004672897196261682
retro,0.004672897196261682
cheaply,0.004672897196261682
dollar,0.004672897196261682
mounted,0.004672897196261682
kick,0.004672897196261682
broken,0.004672897196261682
soften,0.004672897196261682
sec,0.004672897196261682
clunky,0.004672897196261682
sounding,0.004672897196261682
shutting,0.004672897196261682
downside,0.004672897196261682
face,0.004672897196261682
thaw,0.004672897196261682
blueberries,0.004672897196261682
cereal,0.004672897196261682
morning,0.004672897196261682
reference,0.004672897196261682
efficiently,0.004672897196261682
happier,0.004672897196261682
breaking,0.004672897196261682
expired,0.004672897196261682
clearly,0.004672897196261682
flaw,0.004672897196261682
refused,0.004672897196261682
stable,0.004672897196261682
securely,0.004672897196261682
taller,0.004672897196261682
freezer,0.004672897196261682
nuke,0.004672897196261682
softer,0.004672897196261682
serving,0.004672897196261682
container,0.004672897196261682
upright,0.004672897196261682
snugly,0.004672897196261682
sells,0.004672897196261682
opinion,0.004672897196261682
bulky,0.004672897196261682
bulk,0.004672897196261682
height,0.004672897196261682
TRULY,0.004672897196261682
tall,0.004672897196261682
rattling,0.004672897196261682
absolutely,0.004672897196261682
lived,0.004672897196261682
island,0.004672897196261682
Alaska,0.004672897196261682
KILLED,0.004672897196261682
diode,0.004672897196261682
existing,0.004672897196261682
zip,0.004672897196261682
tie,0.004672897196261682
o,0.004672897196261682
crushed,0.004672897196261682
avoid,0.004672897196261682
BS,0.004672897196261682
SEPTEMBER,0.004672897196261682
REFLECTS,0.004672897196261682
newer,0.004672897196261682
wonder,0.004672897196261682
ray,0.004672897196261682
bisque,0.004672897196261682
thankfully,0.004672897196261682
almond,0.004672897196261682
removed,0.004672897196261682
interfere,0.004672897196261682
sturdy,0.004672897196261682
premium,0.004672897196261682
conducive,0.004672897196261682
configurations,0.004672897196261682
pushes,0.004672897196261682
forceful,0.004672897196261682
lifespan,0.004672897196261682
loved,0.004672897196261682
incidents,0.004672897196261682
threw,0.004672897196261682
anyone,0.004672897196261682
Ill,0.004672897196261682
didnt,0.004672897196261682
keeper,0.004672897196261682
28th,0.004672897196261682
appeared,0.004672897196261682
policy,0.004672897196261682
guarantee,0.004672897196261682
receive,0.004672897196261682
commitment,0.004672897196261682
sending,0.004672897196261682
issuing,0.004672897196261682
bothered,0.004672897196261682
fails,0.004672897196261682
Joe,0.004672897196261682
specified,0.004672897196261682
Spacemaker,0.004672897196261682
deeper,0.004672897196261682
specifications,0.004672897196261682
bothers,0.004672897196261682
saw,0.004672897196261682
earlier,0.004672897196261682
towel,0.004672897196261682
flaking,0.004672897196261682
opener,0.004672897196261682
screwed,0.004672897196261682
hazard,0.004672897196261682
hygienic,0.004672897196261682
splatters,0.004672897196261682
holder,0.004672897196261682
Stauffers,0.004672897196261682
TV,0.004672897196261682
Likewise,0.004672897196261682
mini,0.004672897196261682
6x8,0.004672897196261682
sq,0.004672897196261682
galley,0.004672897196261682
accents,0.004672897196261682
beautiful,0.004672897196261682
alarm,0.004672897196261682
warn,0.004672897196261682
fly,0.004672897196261682
across,0.004672897196261682
remembering,0.004672897196261682
lasting,0.004672897196261682
pray,0.004672897196261682
flickering,0.004672897196261682
brand,0.004672897196261682
stand,0.004672897196261682
Betting,0.004672897196261682
winds,0.004672897196261682
landfill,0.004672897196261682
slower,0.004672897196261682
wee,0.004672897196261682
programable,0.004672897196261682
incrementally,0.004672897196261682
warmer,0.004672897196261682
SS,0.004672897196261682
magnetic,0.004672897196261682
lag,0.004672897196261682
tin,0.004672897196261682
loosened,0.004672897196261682
tightened,0.004672897196261682
nose,0.004672897196261682
phillips,0.004672897196261682
Pollute,0.004672897196261682
leveling,0.004672897196261682
gun,0.004672897196261682
magnet,0.004672897196261682
prefer,0.004672897196261682
non,0.004672897196261682
locations,0.004672897196261682
unscrew,0.004672897196261682
slide,0.004672897196261682
butt,0.004672897196261682
insert,0.004672897196261682
inch,0.004672897196261682
rise,0.004672897196261682
shallow,0.004672897196261682
flanges,0.004672897196261682
bracket,0.004672897196261682
wierd,0.004672897196261682
lip,0.004672897196261682
school,0.004672897196261682
prevent,0.004672897196261682
finished,0.004672897196261682
licensed,0.004672897196261682
contractor,0.004672897196261682
showroom,0.004672897196261682
QC,0.004672897196261682
comparison,0.004672897196261682
itwas,0.004672897196261682
intensity,0.004672897196261682
couldn,0.004672897196261682
locate,0.004672897196261682
snap,0.004672897196261682
reservations,0.004672897196261682
WMH31017AB,0.004672897196261682
major,0.004672897196261682
magazine,0.004672897196261682
fulfills,0.004672897196261682
attractive,0.004672897196261682
shred,0.004672897196261682
accurately,0.004672897196261682
supplied,0.004672897196261682
hardwire,0.004672897196261682
connection,0.004672897196261682
swallow,0.004672897196261682
cord,0.004672897196261682
exhausted,0.004672897196261682
upwards,0.004672897196261682
towards,0.004672897196261682
ceiling,0.004672897196261682
mean,0.004672897196261682
grid,0.004672897196261682
body,0.004672897196261682
atrocious,0.004672897196261682
rigid,0.004672897196261682
silicone,0.004672897196261682
sealant,0.004672897196261682
protect,0.004672897196261682
totally,0.004672897196261682
inadequate,0.004672897196261682
quantiy,0.004672897196261682
recommend,0.004672897196261682
noticed,0.004672897196261682
referenced,0.004672897196261682
wrote,0.004672897196261682
cursory,0.004672897196261682
early,0.004672897196261682
disappointed,0.004672897196261682
tricky,0.004672897196261682
repeated,0.004672897196261682
efforts,0.004672897196261682
distributor,0.004672897196261682
credited,0.004672897196261682
charged,0.004672897196261682
scanner,0.004672897196261682
surprises,0.004672897196261682
gas,0.004672897196261682
blow,0.004672897196261682
fold,0.004672897196261682
Worried,0.004672897196261682
supposedly,0.004672897196261682
performed,0.004672897196261682
manner,0.004672897196261682
burrito,0.004672897196261682
middle,0.004672897196261682
biggest,0.004672897196261682
thin,0.004672897196261682
layer,0.004672897196261682
scratched,0.004672897196261682
matches,0.004672897196261682
wont,0.004672897196261682
otr,0.004672897196261682
SE,0.004672897196261682
site,0.004672897196261682
authorize,0.004672897196261682
slowly,0.004672897196261682
painfully,0.004672897196261682
prepared,0.004672897196261682
Problematic,0.004672897196261682
swap,0.004672897196261682
mistake,0.004672897196261682
mount,0.004672897196261682
removal,0.004672897196261682
marginally,0.004672897196261682
Meaning,0.004672897196261682
integrity,0.004672897196261682
compromised,0.004672897196261682
fill,0.004672897196261682
filler,0.004672897196261682
kicker,0.004672897196261682
butterfly,0.004672897196261682
thick,0.004672897196261682
metal,0.004672897196261682
screwing,0.004672897196261682
twisted,0.004672897196261682
leaving,0.004672897196261682
blocking,0.004672897196261682
duty,0.004672897196261682
ship,0.004672897196261682
crappy,0.004672897196261682
Lessons,0.004672897196261682
nepotism,0.004672897196261682
diesel,0.004672897196261682
tractor,0.004672897196261682
trailer,0.004672897196261682
idling,0.004672897196261682
hear,0.004672897196261682
volumed,0.004672897196261682
explore,0.004672897196261682
everyone,0.004672897196261682
expecting,0.004672897196261682
Frigidaire,0.004672897196261682
mind,0.004672897196261682
missed,0.004672897196261682
rotation,0.004672897196261682
selecting,0.004672897196261682
kind,0.004672897196261682
beyond,0.004672897196261682
grime,0.004672897196261682
cupboards,0.004672897196261682
scrubbing,0.004672897196261682
score,0.004672897196261682
attached,0.004672897196261682
sided,0.004672897196261682
Mabe,0.004672897196261682
Canada,0.004672897196261682
describing,0.004672897196261682
faxing,0.004672897196261682
receipt,0.004672897196261682
alternative,0.004672897196261682
admit,0.004672897196261682
fantastic,0.004672897196261682
assumed,0.004672897196261682
impatient,0.004672897196261682
pass,0.004672897196261682
dislodged,0.004672897196261682
spindle,0.004672897196261682
defect,0.004672897196261682
alone,0.004672897196261682
saving,0.004672897196261682
ground,0.004672897196261682
tempting,0.004672897196261682
3yr,0.004672897196261682
unique,0.004672897196261682
apart,0.004672897196261682
conv,0.004672897196261682
reach,0.004672897196261682
preheated,0.004672897196261682
rib,0.004672897196261682
roast,0.004672897196261682
chicken,0.004672897196261682
flip,0.004672897196261682
saves,0.004672897196261682
remember,0.004672897196261682
randomly,0.004672897196261682
simulating,0.004672897196261682
keypresses,0.004672897196261682
3x,0.004672897196261682
variable,0.004672897196261682
unlike,0.004672897196261682
reduces,0.004672897196261682
combines,0.004672897196261682
halogen,0.004672897196261682
isactually,0.004672897196261682
standpoint,0.004672897196261682
firesale,0.004672897196261682
delayed,0.004672897196261682
multiple,0.004672897196261682
sequence,0.004672897196261682
thermometer,0.004672897196261682
competes,0.004672897196261682
interested,0.004672897196261682
hearing,0.004672897196261682
searching,0.004672897196261682
accident,0.004672897196261682
shop,0.004672897196261682
2nd,0.004672897196261682
understanding,0.004672897196261682
twice,0.004672897196261682
bucks,0.004672897196261682
break,0.004672897196261682
stop,0.004672897196261682
tier,0.004672897196261682
hoist,0.004672897196261682
folks,0.004672897196261682
report,0.004672897196261682
numeral,0.004672897196261682
refer,0.004672897196261682
hitting,0.004672897196261682
quick,0.004672897196261682
glad,0.004672897196261682
seldom,0.004672897196261682
Edit,0.004672897196261682
added,0.004672897196261682
switches,0.004672897196261682
learned,0.004672897196261682
detest,0.004672897196261682
dropping,0.004672897196261682
discontinued,0.004672897196261682
leave,0.004672897196261682
rave,0.004672897196261682
JES2251SJ02,0.004672897196261682
Jan,0.004672897196261682
Dec,0.004672897196261682
WB36X10302,0.004672897196261682
burnt,0.004672897196261682
critical,0.004672897196261682
definite,0.004672897196261682
fixing,0.004672897196261682
poke,0.004672897196261682
voltage,0.004672897196261682
capacitors,0.004672897196261682
watch,0.004672897196261682
appointment,0.004672897196261682
scheduler,0.004672897196261682
estimate,0.004672897196261682
involved,0.004672897196261682
pull,0.004672897196261682
dismantle,0.004672897196261682
considerably,0.004672897196261682
total,0.004672897196261682
lovely,0.004672897196261682
nonstop,0.004672897196261682
whenever,0.004672897196261682
suddenly,0.004672897196261682
serviced,0.004672897196261682
potato,0.004672897196261682
remodeling,0.004672897196261682
room,0.004672897196261682
planned,0.004672897196261682
stained,0.004672897196261682
eye,0.004672897196261682
researched,0.004672897196261682
comparable,0.004672897196261682
particular,0.004672897196261682
compelled,0.004672897196261682
Originally,0.004672897196261682
shoving,0.004672897196261682
alarming,0.004672897196261682
Walmart,0.004672897196261682
puchased,0.004672897196261682
exchange,0.004672897196261682
depend,0.004672897196261682
Sharper,0.004672897196261682
1st,0.004672897196261682
boiling,0.004672897196261682
pen,0.004672897196261682
future,0.004672897196261682
soooo,0.004672897196261682
finally,0.004672897196261682
ditch,0.004672897196261682
waste,0.004672897196261682
Learn,0.004672897196261682
practical,0.004672897196261682
applications,0.004672897196261682
releasing,0.004672897196261682
emerson,0.004672897196261682
proffesional,0.004672897196261682
spacesaving,0.004672897196261682
rebate,0.004672897196261682
cleaning,0.004672897196261682
vertically,0.004672897196261682
damper,0.004672897196261682
detects,0.004672897196261682
automatically,0.004672897196261682
night,0.004672897196261682
senses,0.004672897196261682
reluctant,0.004672897196261682
fear,0.004672897196261682
arrive,0.004672897196261682
bearing,0.004672897196261682
boosted,0.004672897196261682
