marketplace,customer_id,review_id,product_id,product_parent,product_title,product_category,star_rating,helpful_votes,total_votes,vine,verified_purchase,review_headline,review_body,review_date,E,S,L,C,evaluation,Wdata
US,49235174,R2ATUY5ENGIJ7T,B001QFYDSI,295520151,sharp microwave drawer oven,Major Appliances,-1.0,61,69,1,0.1,Looks great but very prone to breaking!,"I have had this microwave for 1 year now, it has broken 3 times and Sharp has been terrible about getting it fixed under the warranty.  Opening / shutting the drawer is very sensitive & therefore the drawer stops working.  No turntable which means you need to manually spin your food around as needed.  Overly complicated directions.  Too expensive for what you get!",2009-07-22,-0.1522222222222222,0.6777777777777778,406,-0.1801712054599802,-0.5084223700350335,-0.0
US,46434158,R2E8QHDJMO7M4D,B001QFYDSI,295520151,sharp microwave drawer oven,Major Appliances,1.0,169,177,1,0.1,This is my FAVORITE kitchen appliance!!!,"We installed Sharp model KB6524 in June 2009 during a kitchen remodel. Every appliance in our kitchen is new and this particular appliance is my favorite due to the uniqueness and convenience of this model. This microwave has exceeded our expectations in every way. One of the reasons we bought this microwave was that we needed a microwave that would fit under the countertop so our kids could reach it. It is also nice that the door slides open and I can reach down to lift out the food instead of having to reach up at face level and lift food out and down. I liked the unique concept of a drawer that pulls open instead of a door that pops open. I was a little concerned about reviews on earlier models that the auto open and close function on this microwave has a tendency to break. However, it seems that Sharp decided to manufacture this one so it closes with a button or by pushing or pulling on it to eliminate that problem. I was also concerned that it didn't have a piece in it that rotates the food. So, we were surprised to find that none of the food we have cooked has hotspots (note: I only use my microwave for reheating...not cooking). I LOVE this microwave. I had considered purchasing the 30 but decided that it was unlikely that I would need to put a dish in the microwave that was bigger than 24. So far, this has been the perfect size. It is even tall enough that I can put my portable mug in it to heat up my tea. Also, my lovely daughter did not know that you can't put metal in the microwave. She put her fork in with her plate. Surprisingly, the microwave did not arch. We checked the manual and it said you can even use aluminum foil to cover portions of meat. Not sure how they do it, but I'm not likely to try it. The microwave seems fine after the fork episode. This microwave also has programmable features such as softening ice cream. It asks what size of ice cream then sets the time as appropriate. It's a nice feature but I'm not usually softening a whole tub ofice cream. Just a portion of a tub. One other feature I use frequently, pushing the power button after closing the drawer will turn on the microwave in one minute increments. As an example, pushing the button 3 times will equate to 3 minutes. This is a pricey microwave but has been well worth the expense in our experience. I highly recommend this microwave!",2009-10-29,0.1792109355752648,0.6108425720620843,2397,0.2925403073429146,1.052890777703477,0.01367411936281688
US,50042048,R2P1ZW5FNLW7VA,B001QFYDSI,295520151,sharp microwave drawer oven,Major Appliances,0.6,6,8,1,1.0,Great Microwave,Microwave is very spacious; works well and is very powerful...  We love this unit.. Arrived with faulty circuit card; would not heat up.  Sharp Warranty personnel were here within 2 days and fixed it.,2010-07-25,0.3108333333333333,0.6,216,0.2864773165655119,1.009075698304457,0.04770423576695831
US,29138009,R1W8QP53FXH3PP,B001QFYDSI,295520151,sharp microwave drawer oven,Major Appliances,0.6,4,6,1,1.0,Nice Looking Good Customer Service So Far,"The installation dimensions in the install guide are exactly right.  I worried about trusting them, but they worked very well.    Looks real nice, works well, and was very easy to install.    One issue, When the drawer closed, it made a squeeking sound.  I figured it was going back into the box and getting shipped back.  We called Sharp and they sent out a technician who diagnosed the problem and ordered a replacement part.  We'll have to update if things go south with that, but so far, I appreciated the customer service.    Four stars because of the squeaking drawer, but not one star because the customer service was so good.",2010-08-12,0.3016031746031746,0.5590476190476189,675,0.3581359161003621,0.8088036927583666,0.050138743255708586
US,23749850,R1XZV2KY3RJDT4,B001QFYDSI,295520151,sharp microwave drawer oven,Major Appliances,1.0,6,8,1,1.0,Amazing Microwave,"We have had this microwave for about a month and absolutely love it!  Well worth the price.  It is super convenient, you can see and stir the food without removing it from the oven.  Cooks evenly and quickly.  Easy to use and clean. Very attractive, a conversation piece as well.",2010-11-24,0.5226190476190476,0.6857142857142858,297,0.3920354558405394,1.681792830507429,0.14487353599968256
US,37112959,RAK1CJC39CZP7,B001QFYDSI,295520151,sharp microwave drawer oven,Major Appliances,1.0,8,11,1,1.0,Outstanding!,"My Sharp drawer microwave is so much more than I even hoped for.  It is convenient.  The button to open and button to close OR easy pull to open or easy nudge to close and it finishes opening or closing by itself!  Love that!  I had to REPROGRAM myself to go easy to get it opening or closing, then let it finish all by itself.  I was impatient because it takes 2 seconds rather than 1/2 second that I used on my previous microwave to jerk it open or slam it shut.  It's good for me to slow down for 2 seconds!  There are more single cook options than I have used yet. I really like the push START once to get one minute cook time, 2 pushes for 2 minutes, etc.  Can do the same to add a minute while cooking.  SENSOR REHEAT and SENSOR COOK buttons are useful, but as in prior microwaves, I have to still keep a check on how it's cooking.  It seems to cook evenly, but I probably will get a windup turntable if I can still find one.    It holds a 9x13 pan with room to spare.  The 1000W power cooks fast.  Love it!  Love it!  Love it!",2011-04-18,0.2259920634920634,0.4815323565323565,1046,0.3650084981227804,1.7245673343627168,0.1792470404566647
US,29966642,RFMHOXF78KEBN,B001QFYDSI,295520151,sharp microwave drawer oven,Major Appliances,1.0,6,8,1,1.0,outstanding!,this microwave is incredible!  very quiet and the convenience of a drawer is great!  easy to use and to clean!,2011-04-19,0.5861111111111111,0.748611111111111,123,0.3465949242035329,1.681792830507429,0.16624437043929507
US,43454773,RK7AD3TY2U6CO,B001QFYDQK,295520151,sharp microwave drawer oven,Major Appliances,-0.2,3,5,1,1.0,Stopped working after 2 months,"The microwave looks good, but stopped heating after 2 months.  I am on hold now with Sharp customer service. The space saving design is nice, but don't like waiting for the drawer to open/close. The controls being 4' off the ground are tempting for my 3yr old.",2011-04-21,0.31875,0.6375000000000001,291,0.2940761162939593,-0.2349237886176038,-0.019765261566610955
US,52782807,R1X8T78FKU091T,B001QFYDQK,295520151,sharp microwave drawer oven,Major Appliances,0.6,2,4,1,1.0,Expensive but a good buy,"We bought this oven based upon our son's usage of an earlier model.  There aren't that many drawer microwaves available.  Why buy a drawer microwave?  Well, the most important reason is that my wife wanted one in our new house!  Her arguments were as follows:  1) no need to lift or inspect foods over her head, 2) made space for a vent. While microwaves can generally be vented from the front or the above (top), our new house didn't have any vent.  So, all cooking fumes were vented into the room.  With this oven, we removed the cabinet above the existing microwave and installed a stainless steel vent hood (above the range).  Still, not perfectly ventalated.  I had to modify a base cabinet near the stove to accept the drawer microwave.  Not a problem for me as I am a woodworker, but a problem or extra costs for others.  In addition, I had to add an electrical outlet.  Not a problem for me as I am a retired electrical engineer, but maybe a cost for others.  After the installation, simple enough, the drawer didn't want to stay closed.  That is, you push the close button and the drawer closed but re-opened immediately.  I was about to call for service but I did the following:  push the drawer closed manually, that is by hand.  This seemed to work and then the automatic closure mechanism started working okay.  So, no service call required.  The only shortcomings I see are that the power is not as great as our prior microwave and that there isn't a rotating table.  Dispite this, we are happy with this model so far after about a year.  Shorter people may like this oven a lot, and, it is REALLY COOL!  So, I would recommend this oven.",2012-02-26,0.1310724431818181,0.4770698051948051,1676,0.3025601245603715,0.6,0.07725458965232086
US,13315464,R3NM5YLRYM5AWY,B001QFYDSI,295520151,sharp microwave drawer oven,Major Appliances,-0.6,2,4,1,0.1,"Good looks, Poor function","If you put something in this microwave that is too tall (its easy to do because it doesn't have the same height as a regular microwave) it will knock it over when the motorized door closes.  It also does not have a spinning turn table so you have to rotate food.  Initially thought the motorized door was cool, but it takes a few extra seconds to open and close which can be frustrating.",2012-02-29,0.0439393939393939,0.4077505827505828,413,0.1809842634279484,-0.06,-0.004635794227356238
US,15779386,RO922L76C2T5O,B001QFYDSI,295520151,sharp microwave drawer oven,Major Appliances,-1.0,1,2,1,0.1,Magnatron failure,Bought a Sharp Microwave Drawer one and a half years ago. Barely used it - warming leftovers once a week and softening butter a few times. Started to make funny noises and gave off an electrical smell. Because I bought it from an American Supplier - Sharp Canada is saying I have no warranty and suggest that I send the microwave to a family member in the US to have it repaired. This is ludicrous. Sharp US says I have to deal with Sharp Canada. To get it repaired here it will cost $286. Either way it will cost a small fortune to repair.,2012-03-26,-0.103030303030303,0.4606060606060607,558,-0.2385365446115837,-0.1,-0.010461378503593221
US,35900756,R2NPORX6YHZFT7,B001QFYDSI,295520151,sharp microwave drawer oven,Major Appliances,1.0,0,1,1,0.1,James Bond like,kids love to use it wife does too. Works under bar. it is a perfect space saver. hard to break! Love it.,2012-06-05,0.4088541666666666,0.6854166666666667,120,0.2786398900736018,0.1,0.01310732038956091
US,52552479,R3P9F9Y1TYHBX2,B001QFYDSI,295520151,sharp microwave drawer oven,Major Appliances,1.0,0,1,1,0.1,very happy so far,"i have only been using the product about one month but am very pleased so far.  it is well-designed and solves the problem i had of bending down all the time to access the microwave.  easy to install, looks good.  some reviewers have reported quality problems though i've had none so far.  i will update my review if it fails",2012-08-08,0.2427777777777777,0.8022222222222222,343,0.2014733958106336,0.1,0.01005560042767871
US,40774986,R113EINO6TIQ3,B001QFYDQK,295520151,sharp microwave drawer oven,Major Appliances,1.0,2,3,1,0.1,great microwave,"Had microwave for about four years and no problems, it was the only one you could<br />see to operate in my center island without getting down on the foor.<br />as for cooking it seems to cook better than my old one with a turntable",2012-09-11,0.1907407407407407,0.4731481481481481,248,0.2704815519621529,0.1200936955176002,0.016707690192245717
US,33878573,RBUHOIPGCIIUV,B001QFYDQK,295520151,sharp microwave drawer oven,Major Appliances,-0.6,1,5,1,1.0,Just Installed it in a new kitchen,"Looks great. But you have to press Open and Close buttons to open and close drawer. Very delicate product. It is uncomfortable, unpractical to press these buttons everytime. I am sure they will go bad very soon. I will not suggest anybody to purchase this product",2013-01-14,0.0051515151515151,0.6733445566778902,298,0.0176266566925205,-0.3702203176320057,-0.003722309179837654
US,31191547,R5JXAJDVTP6T5,B001QFYDSI,295520151,sharp microwave drawer oven,Major Appliances,0.6,4,5,1,1.0,Great microwave,"Plus - I've had this microwave installed for about 4 months now and I really like it.  It cooks evenly and in a predictable way...much better than the traditional turntable models.  The coolness factor is high and its easy for the kids to use.  I love how it fits in with my new kitchen.<br />Minus -  it's pricey for a microwave.  Considering, the price I expected it to have a few more quick features, like a 30 second reheat button (it will do 1 min).  The open/close mechanism is noisy and closes with a &#34;clunk&#34; .  The special cooking features are complicated to program so I have yet to use them.<br />Summary - It was worth the splurge.",2013-02-07,0.1894219505984211,0.4881945505474916,666,0.3100399474241872,0.9723939580156576,0.17521046601700815
US,17138845,R2S1OAPMCZBGLV,B001QFYDSI,295520151,sharp microwave drawer oven,Major Appliances,1.0,2,4,1,1.0,Love this microwave,"Love this microwave. Product was Easy to install, and easier to operate. The first one we ordered came damaged. The process to return item was a piece of cake. The second one came (from a different company) and was packaged much much better. We used to have our microwave sitting on the counter. We remodeled our 1950 galley kitchen and only had room for a drawer microwave. We will NEVER go back to any other microwave. Well worth the price..<br />Love, Love , Love this product",2013-03-19,0.2583333333333333,0.4724358974358973,499,0.3521595629730268,1.0,0.2109798996107461
US,51830340,RVFRMNN0EDRMN,B001QFYDSI,295520151,sharp microwave drawer oven,Major Appliances,1.0,4,5,1,1.0,Great product!,"Love that it is off the counter, large, and works well.  I originally bought this microwave 6 years ago with absolutely no problems.  An electric failure in the house caused us to have to replace it, and without question, we bought the same one.",2013-05-11,0.2389455782312925,0.5505102040816326,260,0.2716739585830594,1.6206565966927626,0.2742435328492288
US,28823062,R3DKT78AELIKFS,B001QFYDSI,295520151,sharp microwave drawer oven,Major Appliances,1.0,2,2,1,0.1,Very Pleased with Product,"We purchased and installed the drawer oven in August 2010, while doing a remodel in our kitchen.  It was a more expensive option, but it fit perfectly in a location between our fridge and sink area, and maintained the contour of the kitchen we were seeking.  We use it at least two or three times a day, and have been very pleased with its performance, and we have not had any problems with it.  It does not have a turntable; however, our experience is it does the job just as well.  It is easy to get to and easy to clean.  It does not have a huge interior, so if you have plans to microwave tall items, check the dimensions first so that you are not surprised by that.  Overall, we have found it to be a very nice addition to our kitchen, and would purchase one again.",2013-06-07,0.3342222222222222,0.7,796,0.3332328859371334,0.1414213562373095,0.029924109994482747
US,51579563,RUWM9V6OFBXHN,B001QFYDSI,295520151,sharp microwave drawer oven,Major Appliances,-1.0,2,3,1,0.1,Obviously a widespread defect,"At first we loved this microwave drawer and it seemed to do the core job of heating food just fine.  Then just over a year after the purchase date (when the builder bought all the appliances) the unit died.  No signs of life at all.  It had been in use for 3-4 months in total.  Microwaves have been around for a long time and most are pretty much bulletproof.  Not this one.  Reading the reviews it is obvious that Sharp has built a flawed product and is not standing behind it.  I have called them twice and asked about a product recall, and if they were going to escalate the product defect issues to their development team.  No response.  It's obvious that their customer service teams do not close the loop and provide feedback to their engineering and business teams.  For this price, this is an unbelievable rip off.  Yes it looks great, but it doesn't work much more than a year.  Now we're stuck, with the prospect of paying for service, and then waiting until it breaks again.  Since this is likely a low volume unit, the number of consumer complaints won't be adequate to force Sharp to own up to the obvious quality issues.",2013-06-26,0.1347826086956522,0.6115942028985508,1165,0.2226875012490425,-0.1200936955176002,-0.017209295395865038
US,16182178,R33202RA30C03Y,B001QFYDSI,295520151,sharp microwave drawer oven,Major Appliances,1.0,1,2,1,1.0,Best Decision,"We were reluctant to spend so much on a microwave as we are not big microwave users but we absolutely love this and are glad we splurged. It defrosts without cooking, won't burn popcorn, can soften butter without melting, and of course looks amazing. Its easy to clean and was pretty easy to install.  If I had to come up with a shortfall there is a height limit so forget tall items like those rice express packages.  Still worth it and would still recommend it.",2013-07-05,0.4166666666666666,0.5969696969696969,477,0.3929239082221237,1.0,0.25443144550347385
US,50273306,R32ZEE4P94OBFO,B001QFYDSI,295520151,sharp microwave drawer oven,Major Appliances,1.0,6,6,1,0.1,Looks fantastic and it works great!,"While redoing our kitchen, I discovered this microwave and I love it!  I was concerned about lack of a turntable but after a month of use, I have founds foods to be heated evenly.  The popcorn button works great and I love how easy it is to program things like defrost, melt butter, warm syrup, beverages, etc...  Most of all, I am thrilled to have the microwave off the counter and the drawer style is a must when mounting in a base cabinet.",2013-07-09,0.4658333333333333,0.7233333333333334,478,0.3814613972711367,0.2449489742783178,0.06067222463099311
US,23167523,RW59K45TQ2JJC,B001QFYDSI,295520151,sharp microwave drawer oven,Major Appliances,0.6,2,3,1,1.0,good concept,"This is a great design concept.  It gives you more counter space.  I was worried about it making soup spill with jerky loading, but I haven't found that to be a problem.<br />The only reason that I didn't give it 5 stars is that the interface is a bit clumsy.  For pretty  much everything, it requires too many key strokes to get it doing what you want. It's like the old days of operating a VCR. way too complicated. It's like you have to keep the manual out on the counter if you want to do anything other than run if for 1, 2 or 3 minutes.  defrosting = difficult .. timer = difficult... resetting the clock = difficult<br />In summary: as long as your key objective is to get the microwave off of the counter, and you only plan on using it to reheat things at max heat, then you will love it.",2013-08-29,0.0828947368421052,0.6644736842105263,809,0.1375196477063728,0.7205621731056017,0.06660901024118167
US,9066381,R2B7R2RXRHBEPI,B001QFYDSI,295520151,sharp microwave drawer oven,Major Appliances,-1.0,1,2,1,0.1,0 stars,"Late last year we remodeled our kitchen. We put in top of the line Wolf/Sub Zero appliances that we always wanted, but we let our salesperson talk us into this Sharp microwave. This microwave hasn't even been in a year and the door is already separating from the glass (hard to understand since it is the one appliance that we rarely use-I am in a rigorous school program and my husband travels for work). I can almost fit my pinky finger into the gap that has formed between the door and the glass. The microwave is used maybe once a week for a reheat after a late shift. When I called Sharp about this issue, I was transferred to every department until finally the one I needed was closed. Yep transferred to different departments only to be told that they couldn't help and the one that could help me was closed for the evening. I called at 1pm MST. This is so frustrating to have my beautiful dream kitchen with this eyesore coming apart...who knows how they will have to rip it out. I am off to buy a Wolf drawer microwave; their helpful customer service goes out of their way to make sure you are satisfied.",2013-09-05,0.0726851851851851,0.6498456790123456,1121,0.137324374974493,-0.1,-0.009274013843568902
US,51824129,R1WYT8CPIY8G7P,B001QFYDQK,295520151,sharp microwave drawer oven,Major Appliances,-1.0,2,2,1,0.1,crap in a box,"After about 10 uses...yes, 10 uses, the microwave heating element broke.  It was under warranty but this product is horrible.  all looks, no performance.  Filing a BBB complaint and one with Sharp as well.  $1K is too much for this bag of magic beans.",2013-09-09,-0.2541666666666666,0.6583333333333333,265,-0.2433075786261782,-0.1414213562373095,-0.023299291706599192
US,30454799,R1Z2I4R7DVA86P,B001QFYDSI,295520151,sharp microwave drawer oven,Major Appliances,1.0,0,0,1,0.1,So far no problems,"So far it has worked fine with no service calls.  I will keep you posted in future years.  Given how nicely it fits in our kitchen island, I would probably buy another one even if it lasted only 2 years.  Update:  Finished year 4 with no problems.  Still very happy.",2013-09-19,0.3166666666666667,0.8035714285714286,285,0.2410520241116228,0.1,0.016430451867698054
US,4598736,RQR6D3MALB08Z,B001QFYDSI,295520151,sharp microwave drawer oven,Major Appliances,1.0,0,1,1,1.0,Great Microwave works and looks FANTASTIC!!!!!!,We got it the same day our cabinets were being installed. We were worried about it not working since this was our first on-line purchase of such a high priced item. Let me tell you how easy it went in and it performed FANTASTIC!!!! it is exactly what we wanted and the slide out drawer has our friends looking into how they can install one in their kitchens. We installed it in a bottom cabinet directly under the countertop. great height and so convenient to place hot items right onto the countertop. No more reaching over head or over a hot stove to get anything out. This is a real gem and an awesome addition to our kitchen.,2013-09-21,0.3826829481792717,0.606904761904762,677,0.3909203221528409,1.0,0.26680750238413625
US,24057221,R1KKQYEEBY156R,B001QFYDSI,295520151,sharp microwave drawer oven,Major Appliances,1.0,0,0,1,1.0,I love it,When ordering cabinet for microwave I had no clue that Sharp offered a drawer oven that would fit into the cabinet perfectly.  It looks so great and works beautifully.,2013-09-22,0.5708333333333334,0.75,177,0.3652258852423525,1.0,0.24943453956237796
US,18487558,R35W5MUP6UWRZG,B001QFYDSI,295520151,sharp microwave drawer oven,Major Appliances,1.0,0,0,1,0.1,Would definitely buy again,"I just finished remodeling my kitchen a few months ago. I was trying to go for something different in putting together my design and I thought this would not only be cool, it would free up some valuable counter space. I was a little concerned upon reading some of the reviews from some who have purchased this microwave and aren't too thrilled with it's performance however upon much consideration, I decided to take the chance and as Nike says, Just do It. I have been using my microwave religiously since June and it has been nothing but the best. It looks sleek and cool built into my cherry cabinet. The performance of the unit has been trouble free to date and overall, I would not hesitate to buy it again.",2013-11-03,0.1808333333333333,0.4833333333333334,739,0.3105153484442398,0.1,0.02179177221144553
US,13102193,R2IGQUCTM9Z0W9,B001QFYDSI,295520151,sharp microwave drawer oven,Major Appliances,1.0,0,0,1,0.1,We love this microwave!,"We bought this microwave as part of a kitchen remodel 2 years ago. We have loved it from day one. Being able to open and stir things or just lift things out is so convenient. The kids love it and always enjoy using it. It has a lot of settings and features which we use regularly. The fact that there's a turn table does not bother me. I have not noticed any uneven heating. We have enjoyed it so much that we just bought another one to put in the kitchen of the new house we just bought. I have never regretted this purchase, and neither will you!",2013-12-06,0.3086776859504132,0.4778607755880483,572,0.388993313333758,0.1,0.027874946847863017
US,28113503,R2ZJTZMMWXXBBL,B001QFYDSI,295520151,sharp microwave drawer oven,Major Appliances,1.0,0,0,1,1.0,"Great purchase, done well!","Purchase was a good one.  Love the design of the microwave, and so far it meets all my needs.  Being short, the drawer is much more comfortable for me.  The process of ordering and receiving from Amazon was simple, efficient and has been one of the best purchases I've made in the whole kitchen reno project. Thanks Amazon.",2013-12-07,0.4181818181818182,0.5279220779220779,350,0.3972166445617801,1.0,0.2848203653158235
US,48002045,R3CRLSYDVY3QGF,B001QFYDSI,295520151,sharp microwave drawer oven,Major Appliances,1.0,0,0,1,1.0,Great microwave,"during the kitchen remodel we decided to install a commercial type exhaust fan and eliminated the typical microwave location about the stove.  This thing is cool, push a button and the drawer opens, drop in your food, push another button and the drawer closes.",2013-12-09,0.2458333333333333,0.475,276,0.3100947283138532,1.0,0.2226285470988695
US,24483554,R3F50TVGCAJDH3,B001QFYDSI,295520151,sharp microwave drawer oven,Major Appliances,1.0,0,0,1,1.0,Sharp Microwave Drawer Oven - Stainless Steel,This is an excellent Microwave and very big.  I am so very pleased with this product.  I think it is the favorite of my Grand kids in the kitchen!,2014-01-01,0.4071428571428571,0.7257142857142858,192,0.2942654788733919,1.0,0.21429916488358228
US,11167131,R3VJN75VZKZ598,B001QFYDSI,295520151,sharp microwave drawer oven,Major Appliances,-1.0,8,8,1,1.0,Dead in about a month,I bought this microwave in October for a kitchen we are having remodeled.  Got it installed about 3 weeks ago and was microwaving some bacon last night and smelled a funny electrical burning smell.  It is apparently fried (which is what I'll be doing with my bacon until this POS is either fixed or replaced.  The top of the unit was extremely hot and it is just totally dead and unresponsive.  Not even a light.<br /><br />I saw all of the bad reviews but there aren't many drawer microwave options and even brands like Wolf and Thermadore are still produced by Sharp.  Very disappointing.  We'll see how the service from Sharp goes...,2014-01-08,-0.0369230769230769,0.564871794871795,658,-0.1081611260090133,-2.8284271247461903,-0.2237511578373232
US,35312398,RPLQHZIQ2L9XY,B001QFYDSI,295520151,sharp microwave drawer oven,Major Appliances,-1.0,2,2,1,1.0,Stopped working after 1 week,"After using the microwave for 1 week, it stopped working.  I just sent it back and waiting for a replacement.  I will give sharp 1 more chance.",2014-01-11,0.125,0.4166666666666667,172,0.2325311396860446,-1.4142135623730951,-0.2409590859987165
US,9080828,R23IVVJUMW92QN,B001QFYDSI,295520151,sharp microwave drawer oven,Major Appliances,-1.0,2,3,1,0.1,Garbage,"Had the same issue as Trina on reviews. I purchased via the USA and had shipped to Canada via a freind. Manufactured Oct 2013 and used 5 times before it died. Sharp basically told me to take a hike because of no cross border warranty. My kitchen reno is not even done and this thing has already failed and cost me $250 to have fixed. garbage product, garage service, garabge company. Stay away !!!",2014-01-23,-0.0859375,0.275,405,-0.3284773942158471,-0.1200936955176002,-0.029117270679911846
US,36418001,R3P8SJEOI6R6P8,B001QFYDSI,295520151,sharp microwave drawer oven,Major Appliances,1.0,0,1,1,1.0,love the drewer,We bought this for a new construction and haven't used it yet. It looks great and hope it works just as well.,2014-02-16,0.4787878787878788,0.6015151515151514,125,0.3330960359357142,1.0,0.24944860090253032
US,21702181,R1M4XTLS090SFH,B001QFYDSI,295520151,sharp microwave drawer oven,Major Appliances,1.0,0,0,1,1.0,great microwave,I've just had this microwave installed in my new kitchen. I wanted to find one that could go in my island and wouldn't  detract from my new cabinets. It's easy to use and is a great addition to my new kitchen.,2014-02-24,0.4070707070707071,0.6161616161616162,225,0.33446677061317,1.0,0.2516749960039907
US,35350442,RDMEJ35HNGDW9,B001QFYDSI,295520151,sharp microwave drawer oven,Major Appliances,1.0,0,2,1,1.0,Product was Great!,Really enjoyed the drawer type microwave and the auto open feature is a plus.<br />Comes with full warranty even though is is a refurbished model.,2014-03-06,0.4625,0.625,165,0.3388002591294689,1.0,0.25645508404060247
US,13902956,R2GO12JW5HJKO0,B001QFYDSI,295520151,sharp microwave drawer oven,Major Appliances,-1.0,3,3,1,0.1,Dead already?  You've got to be kidding me!,"We bought this for our kitchen remodel to fit in the island in July 2012.  I don't like having the micro over the stove because I do a lot of canning and wanted a great range hood.  The heat from canning tends to melt the electronics in micros over the stove after about a few seasons.<br />Once it was in, I was never completely happy because it took a long time to reheat food and didn't seem to reheat evenly.  Not a big deal since we only used it for leftovers....and it looked good tucked away under the counter.<br />When I bought it, I couldn 't find many reviews on it - good or bad, but figured it would be fine-especially with the high price tag.<br />Wrong!<br />It just died with no warning.  Our $199 over the stove micros lasted longer!  I could have melted 4 or 5 of those for the price of this one!<br />I'm going to try to fix it because now I have a custom island built to fit this specific microwave.  Save your money, buy a countertop model and whatever you do,  DO NOT build cabinetry to fit this piece of junk!<br /><br />UPDATE: I was able to have this fixed by a local guy.  Apparently there was some bad circuitry that he was able to replace. Glad I don't have to find a new microwave to fit the space, but I still wouldn't recommend it.  Who knows when it will break again.",2014-03-09,0.1594545454545454,0.4921151515151515,1343,0.3135243320200969,-0.1732050807568877,-0.04117850953108616
US,40666412,R2R0Q1TK8OOKRL,B001QFYDSI,295520151,sharp microwave drawer oven,Major Appliances,-0.2,1,1,1,1.0,Not worth the expense,"The light on the clock does not stay lit when micro not in use.  When the door opens and shuts, the liquid in a cup or whatever may spill.  Also when reheating coffee from 7-11 it tips over!",2014-03-13,0.175,0.3999999999999999,212,0.2865999096261518,-0.2,-0.0435683270687289
US,45427672,RYF3KI24L1DKG,B001QFYDSI,295520151,sharp microwave drawer oven,Major Appliances,1.0,0,0,1,0.1,Four years later - still going strong,"We purchased this microwave at the suggestion of our kitchen designer. We had totally renovated our 1930's home and space was an issue - especially in the kitchen. I'm so glad we spent the $$ and bought it! This microwave survived abuse from 2 little boys (pulling and pushing on the drawer to watch it move by itself, pressing the buttons, etc), countless interior spills and multiple uses each day. It popped bagged microwave popcorn better than any other microwave I've ever owned and boiled water faster than on my Viking gas range. We recently moved and now I'm replacing the microwave in our new house with the exact same model as our old one. Can't say enough good things about it.",2014-03-24,0.121233164983165,0.4354377104377104,726,0.2824040172615643,0.1,0.021604540513373485
US,20431895,R34F2VFYJJ4UMT,B001QFYDSI,295520151,sharp microwave drawer oven,Major Appliances,-0.2,1,2,1,1.0,Looks and warms great but has a problem with the door closing,"Overall, the appearance of this item looks great! However, I just installed this and there seems to be a problem with the drawer closing properly. Essentially, when one uses the close button or attempts to close the drawer manually, it closes but then immediately reopens. I found a way around this until a service agent can come to fix it which is to hold it closed so it does not reopen. There is a little trick to it and it has to do with timing of when to hold it shut. I did warm up a biscuit in it and it worked beautifully, otherwise!",2014-03-29,0.3890625,0.5,603,0.4290347450785581,-0.2,-0.06583663218201014
US,46961478,R1H89PGKKH9PWQ,B001QFYDSI,295520151,sharp microwave drawer oven,Major Appliances,-1.0,5,6,1,1.0,What a dud,"We purchased the MW in Janurary, our contractor installed it the last week of April, it died two days later and Sharp service took three weeks/ two service calls only to have it go out ten minutes after they left. Amazon assures me that it will be resolved but not the seller. They want to repeatly waste our time and call service, have us wait then what? DON'T BUY THIS MICROWAVE.",2014-06-03,-0.0464285714285714,0.2595238095238095,392,-0.2892263710357219,-1.81712059283214,-0.41879761845651814
US,11801233,R159CDY3VD5V1U,B001QFYDQK,295520151,sharp microwave drawer oven,Major Appliances,-1.0,15,18,1,1.0,Quit Working After 2 1/2 Years of Use...,"We really enjoyed using this microwave while it lasted; however, after 2 1/2 years of use it just stopped working one day. We chose this drawer-type microwave because we wanted to &#34;hide&#34; our microwave in our island for aesthetic purposes, and for this reason, were willing to pay more for it.  If I could do it again, I would definitely have splurged for one of the more expensive drawer microwaves that are available from manufacturers other than Sharp.  Yes, Sharp makes the cheapest version of this type of microwave, but we learned the hard way that you get what you pay for.",2014-06-06,0.0893939393939393,0.587878787878788,628,0.1673886948987957,-2.620741394208897,-0.3501591109085659
US,15117285,R2QS9OXNP765ZU,B001QFYDSI,295520151,sharp microwave drawer oven,Major Appliances,1.0,1,1,1,1.0,this is so cool,"i LOVE this microwave, it is cool, works great, and frees up the counter. it fit seamlessly into the required hole listed in the specs, and if you want a range hood and not a microwave over the stove, this is the only way to go",2014-06-17,0.3571428571428571,0.5928571428571429,243,0.320543038587002,1.0,0.2574406197799644
US,34021389,R2X4JV0NEOELJW,B001QFYDSI,295520151,sharp microwave drawer oven,Major Appliances,1.0,1,1,1,0.1,Love this. Microwave is not on the counter or ...,"Love this. Microwave is not on the counter or looming over the stove. I've had it a year now,  no complaints. Smooth opening and closing, nothing spills.",2014-08-12,0.4666666666666666,0.5666666666666667,203,0.3706521759525132,0.1,0.030699308026201435
US,1697580,R3NO3289DOBJQJ,B001QFYDSI,295520151,sharp microwave drawer oven,Major Appliances,-1.0,4,5,1,0.1,loved the drawer/cupboard installation,"We purchases this microwave in April 2014, loved the drawer/cupboard installation.  July 2, 2014 we woke up to a very bad burning odor from the microwave, it was nit in use.  We contacted Sharp and they scheduled a service company to have a look at it.  It will be 5 weeks this Sat. & we still do not have a microwave.  We have been informed now by Sharp after two service calls that our microwave need to be picked up and taken off site to be tested.<br />I would never purchase this microwave again and wished I had read the reviews prior to purchasing it.  The burning odor is obviously a problem now that I read the reviews.",2014-08-26,0.0342857142857143,0.6380952380952382,667,0.0811960995553189,-0.1620656596692762,-0.010981652041375007
US,15652690,R14KLU6IY5CNTL,B001QFYDSI,295520151,sharp microwave drawer oven,Major Appliances,-1.0,11,13,1,1.0,DO NOT BUY,"SO DISAPPOINTED!! Bought this July 2013 and our kitchen was not ready yet, so we didn't put it in until a few months ago and it worked fine- we probably used it only couple dozen times and my husband went to warm up our daughters food Wednesday and NOTHING! Completely &#34;dead&#34;! Will not turn on, no buttons works, etc.<br /><br />This is extremely disappointing and our warranty was up July 2014!!<br /><br />This is why you do not spend $800 on a microwave and I will NEVER purchase a SHARP product ever again!!!!!!<br /><br />Totally sad and disappointed.",2014-08-29,-0.1803030303030303,0.6409090909090909,575,-0.227725048418937,-2.429941262562043,-0.4625382190479017
US,20533673,R3NFW4UN13B7D8,B001QFYDQK,295520151,sharp microwave drawer oven,Major Appliances,1.0,0,0,1,0.1,Modern and practical!,Love this drawer microwave!  We have kids and it is so easy for them to make popcorn or warm up their milk.  Besides that I am 5'2&#34; and reaching traditional microwaves is always tough and impossible to clean without a stool.  Not with this one!  So great!,2014-09-10,0.2567901234567901,0.7074074074074075,281,0.2315562158404941,0.1,0.01947979645366668
US,17458854,R2VS5U36BIZB18,B001QFYDSI,295520151,sharp microwave drawer oven,Major Appliances,1.0,0,0,1,1.0,High tech microwave,"Great microwave and very fancy, but it does get hot when you used it. I usually leave it open for a few minutes when I finished using it.",2014-10-01,0.1371428571428571,0.4700000000000001,157,0.2135365908512509,1.0,0.18164973670171433
US,42099042,R2PY5DX7X2ZCHW,B001QFYDSI,295520151,sharp microwave drawer oven,Major Appliances,-1.0,8,9,1,1.0,Sharp makes dull products,"Product just isn't built to last, when buying these types of appliances best to get something you can unplug and replace.  This product and company just do not hold up...Equipment brand new 5/27/13, installed Aug/13 stopped working 15 months later.",2014-10-01,0.1199494949494949,0.3452020202020202,274,0.2900321051105275,-2.3501431108118167,-0.5798328974189754
US,15339301,R1JAPPW9QOF6QK,B0024SLF3M,295520151,"sharp kb6524p 24 microwave drawer oven with front-mounted touch controls, microwave drawer oven",major appliances,1.0,1,2,1,1.0,... microwave for a few weeks and so far are happy with our purchase,"we have been using this microwave for a few weeks and so far are happy with our purchase. it was easy to install, looks nice, and is doing a fine job of heating up our food.  we have no concerns at this time.",2014-10-19,0.3166666666666666,0.7259259259259259,277,0.2622368311432219,1.0,0.2251944088068475
US,44819044,R2GRF9L739XZSA,B001QFYDSI,295520151,sharp microwave drawer oven,Major Appliances,1.0,1,1,1,1.0,Works great for us!,"No issues, I love the product!",2014-11-11,0.8125,0.675,50,0.3653464569929684,1.0,0.3175073693508398
US,19677821,R1SAT8I3TVVXX6,B001QFYDSI,295520151,sharp microwave drawer oven,Major Appliances,1.0,1,1,1,1.0,This Sharp drawer microwave is amazing! It has buttons to both open and close ...,This Sharp drawer microwave is amazing!  It has buttons to both open and close the drawer for you.  We love the easy &#34;top loading&#34; system.  Plus..........it looks great!  We highly recommend this item.,2014-11-21,0.3343333333333333,0.7023333333333333,291,0.2823747005178622,1.0,0.24666633031784552
US,32392706,R36YDBEXGFB8T8,B001QFYDSI,295520151,sharp microwave drawer oven,Major Appliances,1.0,3,4,1,1.0,Great microwave.,"I love this microwave. I needed something that could go in my new kitchen island and I did not want to spend a fortune for something that had mediocre ratings. This microwave has had mixed reviews but it is working great for our household. I would say the only somewhat negative is that the door is slightly slow to open, compared to a regular microwave door that opens manually. Overall, I am very pleased with this purchase.",2014-12-18,0.1374125874125874,0.5524206562668101,443,0.2187119720642587,1.4142135623730951,0.2739364297599167
US,42747200,R1V8PH2CAJPJYC,B001QFYDSI,295520151,sharp microwave drawer oven,Major Appliances,-1.0,1,2,1,1.0,One Star,stopped working after 3 months.  total junk.,2014-12-26,-0.7393146151297183,0.75,53,-0.3401082238868373,-1.0,-0.3024370439316585
US,26913995,RGI0QIDX71RDM,B001QFYDSI,295520151,sharp microwave drawer oven,Major Appliances,-1.0,4,6,1,0.1,This is a money pit,"2 years ago we completely remodeled our kitchen and I was really excited when I found the KB-6524ps because I wanted a built-in microwave for the island. All the cabinets were custom made and one side of the island was designed to accommodate the KB-6524ps dimensions. For the first 13 months we loved this product, then the automatic open/close door feature stopped working. I called Panasonic and they were no help since it was out of warranty. I searched the internet for a authorized repair company and when I called them, they gave me a price of $295 to repair the problem (including travel), so we decided to live with manually opening and closing the door.<br /><br />3 months later, we were using the microwave and we noticed a burning smell. We shut the microwave off and waited a while and tried it again. Same thing only stronger smell. I called the same repair company and they told me the motor had gone and that this is a typical problem with these units. To replace the motor was $610 including travel. So we stopped using the microwave.<br /><br />2 weeks ago we had a problem with the ice maker on our new GE profile refrigerator so I call a GE repair company who also repairs and warranties other manufacturers' products. They came out and fixed the ice maker and since their repairs are warrantied for 5 years, I asked them to look at the microwave. They also said it was the motor but they would not repair it because they have found these unit have a tendency to catch fire.<br /><br />Well, I will never by another Panasonic product EVER. For the price of this unit and how cheaply made, I could find other ways to waste my money.<br /><br />I am purchasing the Bosch built-in to replace the Panasonic but I need to have the cabinet maker modify the opening since the Bosch is 1&#34; longer.",2015-01-08,0.0988162878787878,0.4148674242424242,1833,0.3090396579424074,-0.1348006154597277,-0.03728737095956596
US,16810903,R18JWT6OR8S86M,B001QFYDSI,295520151,sharp microwave drawer oven,Major Appliances,-1.0,1,1,1,0.1,It was great for the 23 months that it worked,"Paid an obscene amount of money for a 24&#34; Sharp microwave drawer. It was great for the 23 months that it worked. Died suddenly a few weeks ago (purchased February 2013). When it blew a fuse and then died I called appliance place where I had purchased it. I was told that I had to call Sharp directly. I did so. Spent 30 minutes on the phone telling my story to 4 very nice people at Sharp. They said that they would review my case and call me back in a few days. They called and said that someone from a local appliance place would come and look at it. Service men came, diagnosed the problem - something just blew up - and I was told that I would have to wait to here from Sharp. Local service person called back (very nice person) and he told me that Sharp would pay for the diagnostic visit only. If I chose to repair it, it would cost $180. I called Sharp - &#34;sorry, warranty over.&#34; We paid $900 for a microwave that lasted less than 2 years. That is what we get for spending so much money on a microwave!",2015-01-23,0.0996825396825397,0.4746031746031745,1066,0.250755751778155,-0.1,-0.022612996270218372
US,24278864,ROJDDMYINXIK2,B001QFYDSI,295520151,sharp microwave drawer oven,Major Appliances,-1.0,5,5,1,0.1,Not good,"Same as the other one star reviews. Less than 2 years, panel fried for no reason (overnight, we werent even using it at the time!) Not under warranty and almost $200 to fix a $800 appliance. Fifty dollar microwaves last way longer than this! We are paying to fix, but if it haopens again, we will just put a regular microwave in that space.",2015-01-26,-0.1138888888888888,0.2183760683760683,349,-0.3914380756711633,-0.223606797749979,-0.07905014539961479
US,51747690,RIQVMACBRZG8Z,B001QFYDSI,295520151,sharp microwave drawer oven,Major Appliances,1.0,1,1,1,1.0,The Kitchen of the Future...Today.,I've had this a relatively short time so my review is subject to update. the controls require a little reading to understand but other than that this is like something from the kitchen of the future. The automatic pop out / pop in is smooth and quiet. The power is sufficient to get the job done quickly and the microwaves are dispersed so there are no hot spots.,2015-01-26,0.0143518518518518,0.4240740740740741,398,0.1063493090997948,1.0,0.09604821010178777
US,21831843,R212TLAXUN30WQ,B001QFYDSI,295520151,sharp microwave drawer oven,Major Appliances,1.0,0,1,1,1.0,save $,2 months & no problems!,2015-02-03,-0.2963725556336527,0.0,30,-0.3654303059670292,1.0,-0.33134532675575473
US,15690728,R1I5NTQEECERUX,B001QFYDSI,295520151,sharp microwave drawer oven,Major Appliances,1.0,1,3,1,1.0,Custom Looking Built-In Microwave That Works Great!,"I purchased this drawer microwave from Amazon for a new custom designed kitchen we were installing in our home.  My wife couldn't understand why I wanted it because she had never seen one before and didn't think the whole &#34;drawer thing&#34; was a good idea.  She eventually (reluctantly) agreed because she didn't want a microwave to go over the stove and there were no other good options for our kitchen design.  Once it was installed, she said she liked the looks of it (built into the island).  Everyone else that has seen it really likes the way it looks also because it's kind of unique.  When my wife used it the first time I don't think she wanted to admit I actually had a good idea but the drawer microwave works perfectly and it's easy to get cookware in and out since it's waist high with the door open.  My adult son used the &#34;sensor reheat&#34; button on a restaurant leftover meal he was warming up to eat.  The feature evidently &#34;senses&#34; the air inside the microwave as the meal is cooking and stops automatically when it's ready.  Pretty cool feature!  I love the microwave.  It adds to the custom kitchen design look and it works great.  (I think my wife even smiled one time when she used it)",2015-02-07,0.4101878787878788,0.5694484848484849,1278,0.4626768181579532,0.8326831776556043,0.350019394450741
US,49253181,R1ZMT1T66CYAJ,B001QFYDSI,295520151,sharp microwave drawer oven,Major Appliances,0.6,3,3,1,0.1,I've had this microwave for a year and am pleased and have no problem until a few days ago,I've had this microwave for a year and am pleased and have no problem until a few days ago. That was when I was cleaning the bottom of the drawer from food that was stuck on. I made the mistake of putting too much water in the drawer using a wet sponge. I turns out that the bottom of the drawer is NOT really sealed for thin liquids (I doubt if food would get thru the bottom of the drawer). Anyway shortly after I cleaned it the drawer wouldn't go in or  out. It turned out that water had leaked thru the bottom of the drawer and found it's way to the motor that controls the door - the motor was burned out and had to be replaced under warranty. It took the repairman a month to get the parts (bad) .It was my fault but it could have been designed better to seal the drawer totally. So do not let a lot of liquid get on the bottom of the drawer as I did.. I also strongly recommend getting an extended warranty - things like this with a mechanical component will fail well before the electronics fails .Also it's ridiculous that it took the repair man a month to get the parts.,2015-02-08,-0.0562499999999999,0.525,1171,-0.1675471021568887,0.1039230484541326,-0.01582696653956336
US,29226334,R3JMFOQAZNAQMK,B001QFYDSI,295520151,sharp microwave drawer oven,Major Appliances,1.0,1,2,1,1.0,Five Stars,Love my new microwave.  It looks great and works great too.  Love not having the microwave on the counter!,2015-02-20,0.5722727272727273,0.630909090909091,117,0.3597887166453759,1.0,0.3289727323945836
US,26334100,RR0FSKCEDU1ZL,B001QFYDSI,295520151,sharp microwave drawer oven,Major Appliances,-1.0,5,6,1,0.1,Not worth it.,"We purchased a home in 2013 with this already installed.  The original owners had to get it repaired once.  Since it doesn't have a turn table, it does not heat food evenly and it creates hot spots on dishes.  I have broken 3 very expensive hand made dinner plates due to the hot spots on the stoneware.  I've had the plates for 15 years with no issues.  I did buy a $30 turntable from amazon to help, but this microwave is not worth it.  We still use our old sharp countertop convention microwave and prefer it over this one.  Also, sometimes you have to let the drawer open all the way before you can shut it, which can be annoying.",2015-02-23,-0.11875,0.5570833333333333,648,-0.2122422786386955,-0.181712059283214,-0.03531559473568201
US,30392705,R3Q0YJO5WH53HW,B001QFYDSI,295520151,sharp microwave drawer oven,Major Appliances,1.0,3,4,1,1.0,Great Appliance,"We bought this unit for a remodeled high end kitchen.  I has been installed for approximately six months and we are extremely happy with our purchase. No issues whatsoever. I love the easy automatic open/close feature and not having to bend down to put items in the microwave. The unit holds much larger plates and platters than I was able to put in my former microwave, which is really nice. It also has many useful features such as a sensor that can tell how much an item needs to be heated to be ready. As this was part of a kitchen remodel I simply told the product number to our kitchen cabinet company and they made the cabinets such that it would fit in perfectly as a built in.  The item fits in well with our suite of other stainless steel appliances.  No complaints. I highly recommend.",2015-02-25,0.2640338164251208,0.5134506556245686,812,0.3633003844004834,1.4142135623730951,0.4709305705048269
US,23356719,R3A00CVAVX2OOA,B001QFYDSI,295520151,sharp microwave drawer oven,Major Appliances,-1.0,6,7,1,0.1,you can defrost hamburger on the stovetop and other lessons from the death of a microwave,installed in new home less than 18 months ago -- sharp covers their products for one year...it's a shame I didn't know this prior to buying it.,2015-03-17,-0.056060606060606,0.3292424242424242,233,-0.226807299634858,-0.2003644776703828,-0.04206128982879794
US,50523388,R3I90C5MG6JQSH,B001QFYDSI,295520151,sharp microwave drawer oven,Major Appliances,1.0,2,2,1,1.0,Great Product!,"We opted for this style of microwave this time around in our new kitchen and have not been disappointed! The shipping was fast (thanks to Amazon), the look of the microwave is wonderful and goes well with our other appliances (GE Monogram & DCS), the drawer opens and closes well, it cooks wonderfully, it's quiet, controls are simple to use, the kitchen timer is handy...I know there were some negative posts, but as of now, after 4 months of use, I couldn't be happier!",2015-06-24,0.1098863636363636,0.5220021645021645,486,0.2098784635786033,1.4142135623730951,0.2878952705549631
US,12341246,RWI2FSOJQXPTW,B001QFYDSI,295520151,sharp microwave drawer oven,Major Appliances,1.0,50,54,1,1.0,"SOLID microwave, looks and works perfect! See my photos.","We love this. One of our favorite parts of the kitchen remodel. Such a space-saver and it just IS cool. I read some negative reviews - all stemming from not have a revolving plate and might be damaged if someone pushes down on it? Well duh. I have a 5yo and 8yo - they know not to stand on/in the microwave. And it's 2015 - who needs a revolving plate? I use a microwave for quick stuff, not rotisserie chicken and what-not. We are super-pleased with this microwave.",2015-07-05,0.1207070707070707,0.598989898989899,523,0.1895331543168852,5.468540290653712,1.0104417523729832
US,29528700,R15A4WHTTFWEI8,B0024SLF3M,295520151,"sharp kb6524p 24 microwave drawer oven with front-mounted touch controls, microwave drawer oven",major appliances,0.6,0,0,1,1.0,works well and an an advantage i had not thought ...,works well and an an advantage i had not thought of is that the 5 y/o can use it with supervision.,2015-07-08,-0.0007389059065624,0.0,151,-0.5390648939619831,0.6,-0.3157518226426647
US,46247934,R2NR0KJ8SLR2WL,B001QFYDSI,295520151,sharp microwave drawer oven,Major Appliances,-1.0,0,0,1,0.1,Great concept but horrible quailty and customer service. Buyer Beward,"This microwave was installed by the builder in our new home. 2 years, 1 month later and it's totally died. Suddenly quit while cooking, odd smell so we killed the power to the unit. Sharp was zero help. Representatives gave indications that it was a safety issue and perhaps something could be done but they stuck to their guns about it being out of warranty. Repairman blamed the motor board? That repair lasted not even a year - same thing happened - burning smell, quit working. New repair company same fix. 8 months later the unit picks and chooses when it decided to work. Door pops open when you push start, buttons won't work. Closes then opens again. It's ridiculous. Loved the concept and &#34;seemed&#34; to work fine  for a year or but it is totally ridiculous that a microwave of this price range doesn't last. Our next door neighbor has the same microwave and their's broke within the first year, they too are now having issues again. Hoping the repairman can fix it as doesn't seem like there are many alternatives out there to get something similar that don't have parts made by Sharp. Update, 3 years in our new home and on our 4th repair of this microwave. Buyer beware.",2015-07-21,0.0304778554778554,0.4457167832167832,1257,0.1617869096959272,-0.1,-0.015888490234712133
US,12284007,R1SGRCSYQEMI0F,B001QFYDSI,295520151,sharp microwave drawer oven,Major Appliances,1.0,0,0,1,1.0,Great drawer microwave,"We really like the look of this microwave. We used the same model in our last home and liked it and just had a new home built and chose to have the same model installed in our new kitchen. We have never had any issues with it. It is classy looking, large enough for a casserole dish, and heats well.",2015-08-09,0.1988193624557261,0.4367571822117276,322,0.3063993053186157,1.0,0.3035139306945391
US,50761053,R2G20T7N6L3HO1,B001QFYDSI,295520151,sharp microwave drawer oven,Major Appliances,-1.0,0,0,1,0.1,Stopped working after 2 years,We bought this microwave 2 years ago as part of a home remodel. It was great while it worked but recently stopped working. Sharp warranty is only 1 year. For the amount of money we spent on this I would expect it to last more than 2 years.,2015-08-30,0.1535714285714286,0.4880952380952381,269,0.2408753758276599,-0.1,-0.02408753758276599
