marketplace,customer_id,review_id,product_id,product_parent,product_title,product_category,star_rating,helpful_votes,total_votes,vine,verified_purchase,review_headline,review_body,review_date,E,S,L,C,evaluation,Wdata
US,49532825,R1Y9OXA2S9XMF0,B004NXUJ60,523301568,microwave cavity paint 98qbp0302,Major Appliances,1.0,131,134,1,1.0,Microwave paint fix that works,"My daughter had a GE microwave/oven combo. The microwave had the infamous GE flaking paint interior problem. The cost of replacing the integrated units to correct the microwave was very steep. So I bought a can of this paint to see if it would work.<br /><br />To my amazement, it did! Now it wasn't easy, I had to degrease the inside of the oven (TSP), then sand it by hand and some machine for about an hour to get all the base paint solid. I used PaintStriper sanding blocks, 60 and 100 grit, the followed up with some 150 grit paper. Then I had to mask the oven opening with masking tape, paper, and a cheap plastic tarp to beware of overspray.<br /><br />Pro - Followed the directions on the can, and sprayed away! It worked and is still holding up 3 weeks later. So about $35 in material has, so far, stopped a very expensive (hundreds of dollars) oven replacement.<br /><br />Cons - The paint is acetone based so ventilation is a MUST .  Pick a day when doors and windows can be open and I would get the kids out of the house. The paint does dry very fast in about an hour.",2011-04-24,-0.0394444444444444,0.6436111111111111,1111,-0.0940672463383796,10.37362751988267,-0.0
US,36505671,R2A8J0U92HX2QH,B004NXUJ60,523301568,microwave cavity paint 98qbp0302,Major Appliances,1.0,2,2,1,1.0,Great Item,"Item was what was advertised, in condition advertised and delivered on time. That's all you can ask of a supplier. You must prepare the area where you are going to use the paint. Takes a lot of sanding and preparing, but the result of spraying even coats is great.",2012-12-10,0.8,0.75,275,0.5104778952572994,1.4142135623730951,0.2712907683528808
US,40629075,R3OIGVEO49MK81,B004NXUJ60,523301568,microwave cavity paint 98qbp0302,Major Appliances,1.0,5,6,1,1.0,Did the job,The microwave in our new house had corrosion and under the turntable. I sanded and cleaned for about an hour then sprayed this paint. I did have a little overspray but it turned out pretty well. There's a spot that looks like I didn't sand and clean well enough but there is plenty of paint left in the can to re-do it. It's good enough for now and the paint is holding up well after a month.,2012-12-24,0.1581912878787879,0.5318181818181819,404,0.2418449939053419,1.81712059283214,0.16902366103798463
US,14464149,R3B796T7QR95MG,B004NXUJ60,523301568,microwave cavity paint 98qbp0302,Major Appliances,0.6,6,7,1,1.0,works great,"VERY smelly!!!<br />Be sure to scrape all rust out with steel wool, paint scraper, whatever it takes. The directions were minimal...I googled for more information.",2013-01-22,0.5,0.6097222222222223,175,0.3636473079246581,1.2021868660222967,0.17613677121780463
US,22752384,R1QC59ZIODDVKT,B004NXUJ60,523301568,microwave cavity paint 98qbp0302,Major Appliances,1.0,54,55,1,1.0,works great - easy to use.,"I had a rust spot inside my microwave oven.  Sanded it down, put on two coats of paint, fixed the problem and the rust hasn't come back.",2013-04-29,0.2355555555555555,0.4144444444444445,163,0.3005923658234667,6.895065351141123,0.9618137129353687
US,33769586,R284KCRVBWCU44,B004NXUJ60,523301568,microwave cavity paint 98qbp0302,Major Appliances,1.0,26,28,1,1.0,microwave cavity paint,i had where and tear on the bottom of my unit and paint pealing on the top. i brushes it down with a wire brush and put several coats of paint on it as directed. the product worked great. the inside of my microwave looks brand new.,2013-08-31,0.2561616161616161,0.3986868686868687,254,0.34566530189864,4.170715680975921,0.7817387501249828
US,6786071,R3OAJDED2KQYH5,B004NXUJ60,523301568,microwave cavity paint 98qbp0302,Major Appliances,1.0,1,1,1,1.0,The Perfect Repair For A Rusty Microwave oven,After following the instructions it fixed my rusty microwave oven. I'm happy I had found this product. Now I don't have to pay a costly repair bill.,2013-09-06,0.475,0.575,194,0.3688974250027609,1.0,0.20142822828019608
US,3063391,R3SJIKVIV9MKRK,B004NXUJ60,523301568,microwave cavity paint 98qbp0302,Major Appliances,0.6,0,1,1,1.0,Micro paint,I bought a used micro that works great but needed a little &#34;tweaking&#34; for paint touch p inside.<br />This did the job!,2013-09-12,0.2828125,0.625,138,0.2404165020118809,0.6,0.079310160058396
US,24531934,R2AWDW6E2DCRWH,B004NXUJ60,523301568,microwave cavity paint 98qbp0302,Major Appliances,1.0,28,32,1,1.0,It works!,"Had large amount of rust under rotating plate in GE microwave.  Surface prep is important.  I started out with sandpaper and discovered this was going to take too long due to the amount of rust I had.  I ended up using a 1&#34; metal paint scraper to remove all paint/rust down to base metal in the damaged area, this worked very well.  Then sanded smooth.  Wiped surface clean with rubbing alcohol. Masked off area to be painted.  Ensure adequate ventilation when painting.  I applied mutliple coats.  2 months of usage thus far... looks great, holding up great!",2013-09-13,0.2064407814407814,0.601984126984127,573,0.2639518966817217,3.668016172818685,0.5329262219348248
US,27796835,R1FQ4YLU0T98BG,B004NXUJ60,523301568,microwave cavity paint 98qbp0302,Major Appliances,1.0,32,32,1,1.0,Great Product,The ceiling of my microwave was a disaster. Paint was peeling all over it. This product did the trick. Make sure you sand properly and spray several light coats rather than one thick one.,2013-09-18,0.2333333333333333,0.4856481481481482,201,0.281046653768139,5.656854249492381,0.8801257773251537
US,23437175,R3GS3W6EZFWPHG,B004NXUJ60,523301568,microwave cavity paint 98qbp0302,Major Appliances,1.0,2,2,1,1.0,Great microwave paint.,Very high quality product. This paint spayed right on with minimal dust and adhered right to the microwave for a smooth finish.,2013-11-25,0.3132380952380951,0.6039047619047618,150,0.2670679504475335,1.4142135623730951,0.22528108275396647
US,41869585,RTB4XKNR64IPN,B004NXUJ60,523301568,microwave cavity paint 98qbp0302,Major Appliances,1.0,2,2,1,1.0,Great purchase,This saved us from needing to buy a new microwave/ oven combo. Easy to use.  We used it to fix our microwave about 2 months ago and it's held up.,2013-11-25,0.4565656565656565,0.6792929292929294,160,0.3201301696041232,1.4142135623730951,0.2700409057312023
US,13690535,RUZ6RA77QFFFJ,B004NXUJ60,523301568,microwave cavity paint 98qbp0302,Major Appliances,1.0,1,1,1,1.0,Did what it was supposed to do,Did the job. Great coverage. Made the inside of the microwave look almost brand new. Very satisfied.  Would purchase again,2013-12-05,0.5287878787878788,0.7348484848484849,153,0.3384015492414117,1.0,0.20397974847086356
US,51675938,R1KSXYHP695BW8,B004NXUJ60,523301568,microwave cavity paint 98qbp0302,Major Appliances,1.0,0,1,1,1.0,microwave paint,This is stuff. It really worked very well. It save me a great deal of money having to replace a microwave that still works very well. I highly recommend this product.,2013-12-20,0.312,0.418,182,0.3436111054601615,1.0,0.2103697247174129
US,47902616,R4HWP8PKM1MN4,B004NXUJ60,523301568,microwave cavity paint 98qbp0302,Major Appliances,1.0,2,2,1,1.0,great product,This is a great product  Fixed my microwave like it was brand new  I would highly recommend it to anyone who has some paint chipping off the sides or top of their microwave,2014-01-15,0.416060606060606,0.5324242424242424,186,0.3520066094867031,1.4142135623730951,0.31293763153689924
US,17736240,R2EZWEW7PXCVTU,B004NXUJ60,523301568,microwave cavity paint 98qbp0302,Major Appliances,1.0,0,1,1,1.0,Touch up,Just needed for a touch up<br />But works great!  Will keep<br />On hand if see another chip<br />To be fixed,2014-01-21,0.55,0.475,118,0.3858564022452651,1.0,0.2440188975107193
US,25546248,R3QAYNVKOBFL3F,B004NXUJ60,523301568,microwave cavity paint 98qbp0302,Major Appliances,1.0,0,0,1,1.0,Great product!,"I really thought our built-in microwave was going to have to be replaced, because of the paint pealing away and rust forming where exposed.  To my amazement this inexpensive product solved my problem with ease.  Remember to have area well vented to the outside and to use a mask.  By using many light sprays you will prevent runs.",2014-02-25,0.42,0.44,345,0.4286262480923056,1.0,0.2805258798989995
US,15373248,R3DB1N7TM3YUFD,B004NXUJ60,523301568,microwave cavity paint 98qbp0302,Major Appliances,1.0,2,2,1,1.0,Saved Me a Packet,"My microwave was rusting out badly and it is an undercabinet attached microwave.  I didn't want to have to buy a new one to fit in that small spot and I didn't want to have to remove the microwave to paint it.  So in a couple of hours, I cleaned the microwave (directions online), covered all surfaces from overspray, and used this paint.  Now I have a new microwave and I keep a clean sock filled with rice in it when it is not being used.  The rice absorbs the moisture so the microwave won't rust again.  I am very happy.",2014-03-07,0.1861742424242424,0.621969696969697,542,0.2377381741646008,1.4142135623730951,0.22216314792362574
US,46178725,R35I3RETO99ZYO,B004NXUJ60,523301568,microwave cavity paint 98qbp0302,Major Appliances,-0.2,2,2,1,1.0,MICROWAVE CAVITY PAINT 98QBP03,"I scraped and cleaned the area really we'll as per instructions, but found that the paint started to peel again after three weeks",2014-03-11,0.2,0.2,160,0.3952115653990535,-0.282842712474619,-0.07414590929323242
US,41019586,R14FIJZSD3YTKU,B004NXUJ60,523301568,microwave cavity paint 98qbp0302,Major Appliances,1.0,0,1,1,1.0,Paint saves a perfectly good microwave,She Who Must Be Obeyed was ready to throw the microwave out as the interior was beginning to flake.  A little sand paper and paint and she welcomed it back into Her kitchen.  It feels good to go one up on this disposable society.,2014-03-15,0.2825,0.44,268,0.3444366252023801,1.0,0.22933485259376632
US,29151263,RLG9RZ63N1LCP,B004NXUJ60,523301568,microwave cavity paint 98qbp0302,Major Appliances,1.0,3,3,1,1.0,Saved my Microwave,I had a ring of rust and metal on the bottom of my microwave oven.  My husband just wanted to buy a new oven but I had already ordered this product.  I worked great.  I followed direction I found online and my oven is like new again!,2014-03-18,0.3689393939393939,0.5530303030303031,252,0.342267787348423,1.7320508075688772,0.3958397756198399
US,14526545,R30WBHAZLRK50N,B004NXUJ60,523301568,microwave cavity paint 98qbp0302,Major Appliances,1.0,1,1,1,1.0,Microwave Painting,This product was easy to use and when the paint dried - the paint blended in and match the original inside paint perfectly!,2014-03-22,0.4020833333333333,0.7958333333333334,142,0.2578638177883408,1.0,0.17283054117844027
US,11492178,R3SO343054RW5Y,B004NXUJ60,523301568,microwave cavity paint 98qbp0302,Major Appliances,1.0,2,3,1,1.0,Works Great,We have a GE oven/microwave combo (the microwave has the oven controls on it) and the paint was coming off the microwave.  I was concerned it was dangerous so I considered replacing the entire unit.  Then we heard about this paint and thought it was worth a try.  My husband is quite handy so he did the sanding and spraying and the microwave looks brand new.  Couldn't be happier and it sure beat the price of replacing the unit.,2014-04-03,0.248051948051948,0.6597763347763347,442,0.2608657019922704,1.2009369551760027,0.21234521216896676
US,52511552,R1CYMYCNEL4YO0,B004NXUJ60,523301568,microwave cavity paint 98qbp0302,Major Appliances,-0.6,1,2,1,1.0,"Stunk, hard to believe it is good for us.","I bought this thinking common spray paint might be a bad idea. The can warned of the issue of fumes, which in the usual manor, I ignored. I sprayed my microwave, and man did it smell, and really seemed like I should not have been so casual about the warning. So then I thought, if the fumes are so bad, and they lasted for weeks, how good is this crap to be so close to our food, In my imagination, it seems worse than a can of Rustoleum! Who knows, it was fairly expensive for a small can, and it didn't give me a good feeling, but again, who knows?",2014-04-13,-0.1779761904761904,0.5708333333333334,592,-0.2560434249826248,-0.6,-0.10509726964923626
US,33125569,R39EMURUYCKD4L,B004NXUJ60,523301568,microwave cavity paint 98qbp0302,Major Appliances,-1.0,2,4,1,1.0,not what I thought I was ordering,"My understanding is this paint comes 2 ways, 1 with a small brush like fingernail paint and the other in a spray can application, by the looks of this picture I thought this was the brush application bottle not the spray bottle but I received the spray bottle and could not contact the company to exchange it. No one answered the phone but they said to leave a message but the message box was full.",2014-04-18,-0.0083333333333333,0.4416666666666667,432,-0.0786943778197873,-1.0,-0.05408377794676429
US,34963243,R36AWYQSHE6V64,B004NXUJ60,523301568,microwave cavity paint 98qbp0302,Major Appliances,0.6,0,1,1,1.0,I like it,Worked great.,2014-04-19,0.8,0.75,23,0.284968082214335,0.6,0.11761671287358366
US,42231331,R16S72WAGG32VQ,B004NXUJ60,523301568,microwave cavity paint 98qbp0302,Major Appliances,0.6,0,1,1,1.0,MICROWAVE CAVITY PAINT 98QBP0302,"I bought 3 of this. if you sand/clean you microwave throughly, you only need to buy 2 to spray it",2014-04-21,-0.8571438568135479,1.0,130,-0.4482656660799913,0.6,-0.18535474389360546
US,3289816,RCKL3MTDQJ3FQ,B004NXUJ60,523301568,microwave cavity paint 98qbp0302,Major Appliances,-0.6,1,2,1,1.0,NOZZLE PROBLEMS,AFTER I MADE EXTENSIVE PREPARATIONS TO PAINT THE CAVITY OF THE MICROWAVE I NOTICED THE NOZZLE HAD A CRACK IN IT THAT I COULD NOT SEE UNTIL I HAD APPLIED THE PAINT. THIS LED TO DRIPPING AND STREAKS IN THE PAINTING PROCESS. IT MADE A TERRIBLE MESS AND THE RESULT WAS NOT NEARLY AS GOOD AS I WOULD OF HOPED . TRIED TO FIND ANOTHER CAN THAT I COULD USE TO REPLACE THE DAMAGED NOZZLE BUT WITH NO RESULTS. MY SUGGESTION IS SPRAY SOMETHING TO TEST HOW WELL THE NOZZLE WORKS BEFORE USING ON ACTUAL APPLIANCE.,2014-05-19,-0.305,0.4416666666666667,516,-0.397204863890471,-0.6,-0.16844892273186055
US,18105796,R21BN08F2OOJ6O,B004NXUJ60,523301568,microwave cavity paint 98qbp0302,Major Appliances,1.0,2,2,1,1.0,I recommend it !,I recommend this product because it works. Rarely do you find a product that works as well as it says. Read the instructions carefully and it will do the job.,2014-05-30,0.0999999999999999,0.95,175,0.0622622849555276,1.4142135623730951,0.06284681838534695
US,50049105,R3SVLXRFJREYOB,B004NXUJ60,523301568,microwave cavity paint 98qbp0302,Major Appliances,1.0,3,3,1,1.0,Works Perfectly,Prep surface carefully.  Be sure to leave no residue on surface to be painted.  Use multiple thin coats.  Allow sufficient time between coats for it to dry.  The color matches my microwave very well.,2014-06-05,0.2055555555555555,0.6064814814814815,215,0.2210563032313822,1.7320508075688772,0.2747278006477054
US,5728128,R3K7EPUB47OUKX,B004NXUJ60,523301568,microwave cavity paint 98qbp0302,Major Appliances,1.0,2,2,1,1.0,great product,awesome product and delivery. microwave looks spanking new now. you cant find this product in stores lord only knows i hope i wont be diagnosed cancer in a couple of years as.  result.,2014-06-07,0.4840909090909091,0.8011363636363636,198,0.3177383282027588,1.4142135623730951,0.32298791453613407
US,30743231,R1LE2V8ZGC3JT7,B004NXUJ60,523301568,microwave cavity paint 98qbp0302,Major Appliances,1.0,0,0,1,1.0,Five Stars,Works great,2014-07-04,0.8,0.75,22,0.2809281023392314,1.0,0.20671065285616835
US,42783284,RGT7RTQ9BY8O4,B004NXUJ60,523301568,microwave cavity paint 98qbp0302,Major Appliances,1.0,4,4,1,1.0,Microwave Cavity Paint has worked out great so far!!!,This microwave cavity paint has worked out great so far!  We have a GE in-cabinet microwave/oven combo unit so when the paint began to peel off the top of the microwave I was really worried because to replace this unit it is over $1000 due to it being a specialty item.  So I sanded down the top of the microwave really well.  Be sure to get ALL loose paint off - should be totally smooth.  Then when the paint arrived I shook it up real well and applied a coat to the top of the microwave.  It was actually a pretty good sized area I needed to cover.  After letting that coat dry for a couple hours I added a second coat and after a couple more hours I added a third coat.  I want to make sure it was coated good.  So far we have used it for a few weeks and it still looks great.  I showed it to my son and he said the inside looked brand new now!  I let it dry for 36 hours before use as the can didn't have any recommendations or directions for how long to let dry before use.  The smell is overwhelming and I would suggest using eye protection if you must use it inside as the fumes come out toward your face.  I would take a counter top unit outside to treat.  I didn't have that option so I had to just do it.,2014-07-14,0.2676754064538156,0.5353164512255422,1269,0.3791614637998444,2.0,0.562765501755885
US,50551396,R21EXUDSDGHA7,B004NXUJ60,523301568,microwave cavity paint 98qbp0302,Major Appliances,1.0,0,0,1,1.0,Does the job,"This stuff adheres well, dries quickly and leaves a washable surface.  I used it to replace bubbling paint on a microwave with a painted mild steel lined cavity.",2014-07-17,0.3333333333333333,0.5,174,0.3200238024897267,1.0,0.23810093753964537
US,12237523,R30Q0MGNLN8GBJ,B004NXUJ60,523301568,microwave cavity paint 98qbp0302,Major Appliances,0.6,1,1,1,1.0,Wonderful product. My first time using anything like this ...,"Wonderful product. My first time using anything like this for microwave repair of burned areas. I was not sure if it would work, but to my surprise it exceeded my expections. I highly reccomend this product.",2014-07-23,0.4016666666666666,0.6825925925925925,269,0.322516647372895,0.6,0.14470545162077683
US,49904137,R87XGU53ENGPW,B004NXUJ60,523301568,microwave cavity paint 98qbp0302,Major Appliances,1.0,0,0,1,1.0,Works better than I thought it would.,Worked so much better than I expected.  Two light coats and it looked like new.,2014-07-30,0.2872727272727273,0.5109090909090909,117,0.2705301430537105,1.0,0.20349461580269648
US,48096313,R2VP9M9V6F1WH2,B004NXUJ60,523301568,microwave cavity paint 98qbp0302,Major Appliances,1.0,0,0,1,1.0,Five Stars,as described,2014-08-19,-0.0876138097994847,0.0,23,-0.336882715734918,1.0,-0.2576536785538812
US,40323761,R1ZW5IK60I5UKH,B004NXUJ60,523301568,microwave cavity paint 98qbp0302,Major Appliances,0.6,2,2,1,1.0,Did the job and has held up even after a ...,Did the job and has held up even after a year of use; it has extended the life on the microwave.,2014-08-30,0.6029433131484163,0.0,141,0.5317029969058964,0.848528137423857,0.3481878330641523
US,3853682,R2N85EZCY74DGM,B004NXUJ60,523301568,microwave cavity paint 98qbp0302,Major Appliances,1.0,0,0,1,1.0,The product delivers,"Great!  seems to be holding up just fine.  I sanded and cleaned the area as directed and put on several coats, allowing the paint to dry in between coats. I finished it off with a light sanding using extra fine sand paper. The color is slightly off, but otherwise it looks and feels like new.  I also have plenty left should I need to touch.",2014-09-03,0.2136363636363636,0.3771212121212121,362,0.3536840933922591,1.0,0.2738487179607151
US,16069279,R3QZ6PGTONL75S,B004NXUJ60,523301568,microwave cavity paint 98qbp0302,Major Appliances,0.6,0,0,1,0.1,Make your microwave interior look almost brand new.,This is an excellent paint. Follow the steps when painting and be sure that you do this in a well ventilated space!,2014-09-08,0.587121212121212,0.7811447811447811,167,0.3627566540821487,0.06,0.016921019715635158
US,24290806,R21ZHN7HZQ4DT0,B004NXUJ60,523301568,microwave cavity paint 98qbp0302,Major Appliances,-1.0,9,10,1,1.0,Unless you're willing to go thru the tedious process of properly preparing AND PRIMING,"I have extensive experience in refinishing metals; it is difficult to get paint to adhere to aluminum.<br />I power-sanded the entire interior down to bare metal.<br />Contrary to the LABEL claims, THIS PAINT DOES NOT ADHERE TO BARE METAL!!<br />Once dried, it scrapes off with your fingernail.<br />Q: The factory paint failed despite having been primed so how could this paint work with No Primer??<br />A: IT CAN'T!<br />If I were to repeat this process, I'd have first primed it with a high-temp, self-etching automotive primer.<br />Maybe then there'd be a prayer of success...<br />Bottom Line: Unless you're willing to go thru the tedious process of properly preparing AND PRIMING, DON'T WASTE YOUR TIME OR MONEY ON THIS PRODUCT.<br />PS:  (2) Cans are required to adequately refinish the entire interior",2014-09-14,-0.1116959064327485,0.4915204678362572,898,-0.2487615916469405,-2.51188643150958,-0.4881479280512109
US,44711948,R2I6UFYNI14HCE,B004NXUJ60,523301568,microwave cavity paint 98qbp0302,Major Appliances,0.6,1,1,1,1.0,Four Stars,Easy to use.,2014-10-02,0.4333333333333333,0.8333333333333334,23,0.16781488413728,0.6,0.07980200858533201
US,21527149,R2U1JLZVQ9LLV7,B004NXUJ60,523301568,microwave cavity paint 98qbp0302,Major Appliances,1.0,0,0,1,1.0,A real lifesaver,Worked Perfectly!,2014-10-13,0.6,0.65,34,0.2718302280211028,1.0,0.21732706754776693
US,13968306,R1P9J9HYTBXW8H,B004NXUJ60,523301568,microwave cavity paint 98qbp0302,Major Appliances,1.0,0,0,1,1.0,Five Stars,Excellent product. Saved our microwave!,2014-10-28,1.0,1.0,50,0.4203142609515467,1.0,0.34001462597782756
US,21991502,R3W41W58K5BISA,B004NXUJ60,523301568,microwave cavity paint 98qbp0302,Major Appliances,1.0,0,0,1,1.0,Five Stars,Worked great.,2014-11-21,0.8,0.75,24,0.2888360949949333,1.0,0.23802571006202888
US,52947639,R1IUX33P1ZXF78,B004NXUJ60,523301568,microwave cavity paint 98qbp0302,Major Appliances,-0.2,5,6,1,1.0,Your results may vary,"Paint itself seems to work well -- depending upon WHERE you paint.  If your microwave is like mine, with a turntable, the (factory) paint wore off in the path of the little wheels that turn the glass table.  (NOTE: My oven is at least 10 years old.)  I read the paint can's directions thoroughly, scraping off all the old, loose paint and rust.  The paint says use it in a well-ventilated area; I suggest you wait for a nice, low-humidity day and use the paint outdoors.  (It smells quite bad.)  Make sure you allow the paint to dry thoroughly before bringing it indoors; I also waited 24 hours before re-installing the turntable and using the microwave.<br /><br />Results:  Within 2 months, the paint had been worn off by the turntable wheels, and I'm back where I started before painting.  So -- I guess if you're repainting someplace that will NOT get any wear, this paint will work fine.  Under turntable wheels, not so much.<br /><br />PREVENTION ADVICE:  Make sure your microwave oven is clean and DRY after each use.  Some foods, such as potatoes, generate a lot of steam/moisture in the oven -- which drained UNDER the turntable.  I didn't always notice the moisture, and that's what caused the rusting in the first place.",2014-12-06,0.0897235576923077,0.5154380341880341,1253,0.2211826952031498,-0.363424118566428,-0.06700283268176344
US,32401381,R2B8PKDAHON0Z,B004NXUJ60,523301568,microwave cavity paint 98qbp0302,Major Appliances,1.0,0,0,1,1.0,Great product,Fantastic product. Made microwave look brand new again.  Has a strong odor for the first day.  Dries quick and looks great.,2014-12-19,0.4504329004329004,0.6316017316017317,137,0.3194245700185574,1.0,0.268872510072367
US,12019144,R201TOS3D2FR4,B004NXUJ60,523301568,microwave cavity paint 98qbp0302,Major Appliances,1.0,0,0,1,1.0,Five Stars,"Color matched great, easy repair.",2015-01-14,0.6166666666666667,0.7916666666666667,44,0.2772908732900063,1.0,0.23795263464545938
US,28455231,RKAYI062NRTTI,B004NXUJ60,523301568,microwave cavity paint 98qbp0302,Major Appliances,1.0,0,0,1,1.0,Worked as advertised.,Worked as advertised. Like the other reviews preparation is the key. First I cleaned the microwave thoroughly.  Next I taped off all the areas I did not want painted. I took the microwave outside and placed on a bench. I sanded down all the loose paint and rust with a sanding stone.  I sprayed several thin layers of paint waiting about 15 minutes between coats to let dry. I probably sprayed 20 coats. You could smell the new paint for a couple of days. It has been a couple of months and there has been no chipping.  Good product.,2015-01-22,0.021851528101528,0.4017498704998705,555,0.1461187414097938,1.0,0.12612645459647398
US,26066383,RBHH2L95OZW8P,B004NXUJ60,523301568,microwave cavity paint 98qbp0302,Major Appliances,0.6,1,1,1,1.0,Excellent color match,"Works exactly as advertised in my GE Profile microwave. Color match is darned near exact. I prepped with a wire brush on a drill to get as much loose paint off as possible. Then sprayed in many coats to get coverage. I removed 1 star simply because the paint is very difficult to apply without drips—could just as easily remove a star from the painter (me). The paint leaves a slight texture or roughness that was not present with the original paint which was quite smooth. Nonetheless, I will trade this look anytime for the flaking paint of the GE oven. Cleans nicely, and has held up without blemish since my purchase and application about 6 weeks ago.<br /><br />1 can will likely cover about ½ of a microwave interior adequately. Since my oven was flaking, I needed about this much coverage or slightly less. If I had stripped the entire interior, I would have been short.",2015-01-27,0.161019536019536,0.5143511250654108,899,0.2856410852323481,0.6,0.14847573181938697
US,40751577,R1ICCARX4FQ073,B004NXUJ60,523301568,microwave cavity paint 98qbp0302,Major Appliances,1.0,0,0,1,1.0,Wonderful finish! Glad I made the purchase and saved myself from buying a new microwave.,"WOW- my microwave looks like new! This paint is very high quality and covers very well. I needed only 1 coat but did 3 coats just to use up the can because if I ever need to paint this old thing again, its probably gonna be time for replacement.",2015-02-09,0.2683131313131313,0.6790101010101011,334,0.2555502061978678,1.0,0.2234855838565212
US,19118259,R17VC20TMVUV1C,B004NXUJ60,523301568,microwave cavity paint 98qbp0302,Major Appliances,1.0,1,1,1,1.0,MORE THAN A COSMETIC PAINT,I had a small paint chip on the inside that would spark because bare metal was exposed. A couple of coats of this paint saved the day. It has a use that is far more than cosmetic. It saved me about $175 because I did not have to buy a replacement microwave of similar quality because I did not trust using a paint that was not microwave friendly.,2015-02-11,0.1821428571428571,0.4857142857142857,373,0.2782158214791204,1.0,0.2436581185589522
US,25846427,R2QF8YVM9PILYM,B004NXUJ60,523301568,microwave cavity paint 98qbp0302,Major Appliances,1.0,0,0,1,1.0,Saves buying a new microwave.,"Looks good, and seems to be holding up a couple of months later.",2015-02-16,0.2787878787878787,0.3515151515151515,94,0.3115652462205001,1.0,0.2738473853917889
US,18317621,RMQ7JE4HHFXRP,B004NXUJ60,523301568,microwave cavity paint 98qbp0302,Major Appliances,1.0,0,0,1,1.0,but it delivered good results.,i think it met and exceeded my expectation.You need atleast 2 to paint the entire microwave ( 2 layer).I am new to this ..but it delivered good results.Thanks,2015-02-26,0.384090909090909,0.5698863636363637,189,0.3264550577256361,1.0,0.2889930019210549
US,10788332,RUX3YUVHRY7ID,B004NXUJ60,523301568,microwave cavity paint 98qbp0302,Major Appliances,1.0,1,1,1,1.0,Very good paint,"II had the same problem that many people do with the GE Caf&eacute; microwave. The paint was peeling off after a couple of years and GE would not stand behind their product so I bought this paint and masked off the interior's good areas sanded and prepped and cleaned real well and sprayed a couple of coats. Sprayed really nicely, covered well, not easy to run unless you really squirted in one place for too long. Dried quickly, minimum odor, nice sheen looks like new. This was a good fix although I think it's probably temporary because the product problem was endemic to the unit and will probably continue to flake off but I'm hoping that using this bought me a couple more years. The product came quickly and I was very happy. I would only wish that there was a little bit more in the can but for what it's advertised for it's perfect.",2015-03-03,0.3254028925619834,0.6178581267217631,858,0.3626755095920075,1.0,0.3222003739061403
US,12960878,R3L148PUUTGR8N,B004NXUJ60,523301568,microwave cavity paint 98qbp0302,Major Appliances,1.0,0,0,1,1.0,Five Stars,As Advertised,2015-03-09,-0.4711037326675786,0.0,24,-0.3414553915233779,1.0,-0.3046402137487892
US,7455891,R1HJP9RNAZ688V,B004NXUJ60,523301568,microwave cavity paint 98qbp0302,Major Appliances,0.6,0,0,1,1.0,Covered well prep was most work One can did the ...,Covered well  prep was most work<br /><br />One can did the entire cavity,2015-03-13,0.3333333333333333,0.5416666666666666,125,0.28610637052653,0.6,0.15358824960043355
US,14874192,R2OQYLSLE5QE9P,B004NXUJ60,523301568,microwave cavity paint 98qbp0302,Major Appliances,1.0,0,0,1,1.0,awesome!,My old microwave is going strong! Planned obsolete is no longer going to take me over. Paint works great. Prep took a while as old paint may not like the new paint and bubble. So prep!,2015-04-05,0.452020202020202,0.5563131313131313,193,0.3635300453096527,1.0,0.3305235342601004
US,4919531,R15DW8TP6PYKXQ,B004NXUJ60,523301568,microwave cavity paint 98qbp0302,Major Appliances,1.0,0,0,1,1.0,Five Stars,the paint did a great job. would buy again.,2015-04-13,0.8,0.75,54,0.3625371489949145,1.0,0.3314494741756785
US,6673196,R3VOJK777371YN,B004NXUJ60,523301568,microwave cavity paint 98qbp0302,Major Appliances,-1.0,2,3,1,1.0,Don't waste you money,The only thing it did was cover the spots .  When I turned the microwave on it sparked.  I had waited 24 hours.  It is a GE mstainless on the out side.  Wasn't cheap and was a gift.  Suck it up and buy a new one.,2015-04-14,0.084090909090909,0.5386363636363636,234,0.154462756871572,-1.2009369551760027,-0.16971030755032085
US,24952205,R21R3WW9OCDVYE,B004NXUJ60,523301568,microwave cavity paint 98qbp0302,Major Appliances,1.0,0,0,1,1.0,Five Stars,Worked great. Looks like a new microwave.,2015-04-22,0.4681818181818182,0.6022727272727273,52,0.268785732690117,1.0,0.24726253719727662
US,25279865,R24KITNGJ7X38R,B004NXUJ60,523301568,microwave cavity paint 98qbp0302,Major Appliances,1.0,1,1,1,1.0,Five Stars,"took off rust under turntable with dremel motto,<br />then applied three coats ann hour apart<br />VERY HAPPY",2015-05-03,0.8,1.0,120,0.4115008630341815,1.0,0.38140370029019344
US,20967425,R3QIBYTTC1BM0J,B004NXUJ60,523301568,microwave cavity paint 98qbp0302,Major Appliances,1.0,0,0,1,1.0,Five Stars,Good paint to touch up the interior of a microwave,2015-05-17,0.7,0.6000000000000001,61,0.356587159811699,1.0,0.333654063783456
US,36115702,R3FKOBEPUG4D57,B004NXUJ60,523301568,microwave cavity paint 98qbp0302,Major Appliances,0.6,0,0,1,1.0,Not snow white but off white color,"The color description on the can is &#34;snow white&#34;, the reality is this paint is an off white color.  My GE microwave is a bright white color and this paint did not match.  I still used the product and it worked well.  If the directions are followed, the spray applies evenly and covers well with several coats.  For my needs I liked this product better than the touch up paint with brush application.  You also get more paint with the spray can.",2015-05-26,0.2555555555555555,0.2888888888888889,487,0.4483019846239412,0.6,0.2532086493229045
US,23454980,RJGT5P2IVO09N,B004NXUJ60,523301568,microwave cavity paint 98qbp0302,Major Appliances,1.0,3,3,1,1.0,Great stuff. Saved me from having to buy new ...,"Great stuff.  Saved me from having to buy new oven.  It's been a year, and it's still good.",2015-05-30,0.5145454545454544,0.6018181818181818,140,0.3559373851525571,1.7320508075688772,0.5819060202963235
US,43808474,R1BC3E2QS68XXX,B004NXUJ60,523301568,microwave cavity paint 98qbp0302,Major Appliances,1.0,0,0,1,1.0,Five Stars,Product does the job it was sold to do.,2015-06-02,0.2871909967093062,0.0,50,0.4203142609515467,1.0,0.3975229454144515
US,875932,R1T6P3VLB0KK58,B004NXUJ60,523301568,microwave cavity paint 98qbp0302,Major Appliances,0.6,0,0,1,1.0,"after sanding rust out and washing cavity, paint when ...","after sanding rust out and washing cavity, paint when on with no problem.  However, jt did take several coats to cover the exposed sheet metal.  So far the plastic wheels on the plate rotary device have NOT picked up any of the fresh paint.  Wife loves her &#34;new&#34; microwave.  Paint was totally dry within an hour.  We left it outside over night with the door open to get rid of fumes.",2015-06-20,0.0476190476190476,0.3785714285714285,449,0.2072277090567352,0.6,0.11900567301946684
US,20249178,R1KA167MA5TX0B,B004NXUJ60,523301568,microwave cavity paint 98qbp0302,Major Appliances,1.0,0,0,1,1.0,Five Stars,Really worked. The once rusty bottom inside of my microwave looks brand new.,2015-06-22,0.1681818181818181,0.3272727272727272,87,0.2677325072740202,1.0,0.256591053629578
US,50869768,R3LWJVDVB6KWCV,B004NXUJ60,523301568,microwave cavity paint 98qbp0302,Major Appliances,1.0,0,0,1,1.0,Works As Advertised If You Do Proper Prep Work,"Works very well if you properly prepare your old microwave first by degreasing, sanding, cleaning and taping it off before applying multiple light coats.",2015-07-14,0.1357142857142857,0.2476190476190476,200,0.3471620648291639,1.0,0.337530834783462
US,18164108,R243KI1FG0AU9V,B004NXUJ60,523301568,microwave cavity paint 98qbp0302,Major Appliances,0.6,2,2,1,1.0,Very good but smelly,"Our microwave was working fine, but had a number of rusty spots.  I cleaned the inside really well and sanded the spots to bare metal.  There was enough paint in the can to cover the spots as well as put a light layer on the remainder of the interior.  i.e. to give a uniform color appearance.  The only issue is that it took a week for it to air out.  You could still smell it a couple of weeks later.  But eventually it went away.  Overall, I'm happy.  The 10-yr microwave continues to work well and now it looks nice again too.",2015-08-05,0.3069696969696969,0.5254545454545455,551,0.3645973190740328,0.848528137423857,0.30507968188871554
US,30384634,R7LFUNGK7ZW6L,B004NXUJ60,523301568,microwave cavity paint 98qbp0302,Major Appliances,1.0,0,0,1,1.0,Five Stars,Works well with proper preparation.,2015-08-19,0.6290280775610442,0.1,46,0.3927212662169375,1.0,0.3907403266647713
US,19768842,RRO2C7LNHYSSL,B004NXUJ60,523301568,microwave cavity paint 98qbp0302,Major Appliances,1.0,0,0,1,1.0,Five Stars,excellent results,2015-08-20,1.0,1.0,28,0.3580175970566455,1.0,0.3564374437278961
US,16996448,RUMJPRPFJFIZ2,B004NXUJ60,523301568,microwave cavity paint 98qbp0302,Major Appliances,1.0,0,0,1,1.0,Worked well on Sharp Carousel II,Worked well on an old Sharp Carousel II Microwave. 1 can was enough for 2 coats. First make sure you sand down and prime any rust spots so they won't show through.,2015-08-20,0.0634920634920634,0.5301587301587302,196,0.13149305197003,1.0,0.1309126917154334
US,26976013,R2V6PXBBC9ZPKZ,B004NXUJ60,523301568,microwave cavity paint 98qbp0302,Major Appliances,-0.2,0,1,1,1.0,I never used this for my wife insisted we buy ...,I never used this for my wife insisted we buy a new microwave after I bought this. I did contact GE and they gave me a 20$ credit  and said not to worry about  paint peeling off. Tell that to your wife! That was OK because I read some reviews which made it sound alittle difficult to use.,2015-08-27,0.1426136363636363,0.5886363636363636,338,0.198806865014495,-0.2,-0.039761373002899
